2026-08-26 11:49:38,540 p=5028 u=ansible n=ansible ERROR| [ERROR]: Task failed: Failed to connect to the host via ssh: root@192.168.100.10: Permission denied (publickey,gssapi-keyex,gssapi-with-mic,password).
Origin: <adhoc 'ping' task>

{'action': 'ping', 'args': {}, 'timeout': 0, 'async_val': 0, 'poll': 15}


2026-08-26 11:49:38,542 p=5028 u=ansible n=ansible INFO| 192.168.100.10 | UNREACHABLE! => {
    "changed": false,
    "msg": "Task failed: Failed to connect to the host via ssh: root@192.168.100.10: Permission denied (publickey,gssapi-keyex,gssapi-with-mic,password).",
    "unreachable": true
}
2026-08-26 11:50:07,326 p=5058 u=ansible n=ansible WARNING| [WARNING]: Host '192.168.100.10' is using the discovered Python interpreter at '/usr/bin/python3.9', but future installation of another Python interpreter could cause a different interpreter to be discovered. See https://docs.ansible.com/ansible-core/2.20/reference_appendices/interpreter_discovery.html for more information.

2026-08-26 11:50:07,327 p=5058 u=ansible n=ansible ERROR| [ERROR]: Task failed: Missing sudo password
Origin: <adhoc 'ping' task>

{'action': 'ping', 'args': {}, 'timeout': 0, 'async_val': 0, 'poll': 15}


2026-08-26 11:50:07,329 p=5058 u=ansible n=ansible INFO| 192.168.100.10 | FAILED! => {
    "changed": false,
    "msg": "Task failed: Missing sudo password"
}
2026-08-26 11:52:30,909 p=5121 u=ansible n=ansible WARNING| [WARNING]: Host '192.168.100.10' is using the discovered Python interpreter at '/usr/bin/python3.9', but future installation of another Python interpreter could cause a different interpreter to be discovered. See https://docs.ansible.com/ansible-core/2.20/reference_appendices/interpreter_discovery.html for more information.

2026-08-26 11:52:30,911 p=5121 u=ansible n=ansible INFO| 192.168.100.10 | SUCCESS => {
    "ansible_facts": {
        "discovered_interpreter_python": "/usr/bin/python3.9"
    },
    "changed": false,
    "ping": "pong"
}
2026-08-26 11:52:51,995 p=5159 u=ansible n=ansible WARNING| [WARNING]: Host '192.168.100.10' is using the discovered Python interpreter at '/usr/bin/python3.9', but future installation of another Python interpreter could cause a different interpreter to be discovered. See https://docs.ansible.com/ansible-core/2.20/reference_appendices/interpreter_discovery.html for more information.

2026-08-26 11:52:51,996 p=5159 u=ansible n=ansible ERROR| [ERROR]: Task failed: Missing sudo password
Origin: <adhoc 'ping' task>

{'action': 'ping', 'args': {}, 'timeout': 0, 'async_val': 0, 'poll': 15}


2026-08-26 11:52:51,997 p=5159 u=ansible n=ansible INFO| 192.168.100.10 | FAILED! => {
    "changed": false,
    "msg": "Task failed: Missing sudo password"
}
2026-08-26 11:54:19,281 p=5207 u=ansible n=ansible WARNING| [WARNING]: Host '192.168.100.10' is using the discovered Python interpreter at '/usr/bin/python3.9', but future installation of another Python interpreter could cause a different interpreter to be discovered. See https://docs.ansible.com/ansible-core/2.20/reference_appendices/interpreter_discovery.html for more information.

2026-08-26 11:54:19,283 p=5207 u=ansible n=ansible INFO| 192.168.100.10 | SUCCESS => {
    "ansible_facts": {
        "discovered_interpreter_python": "/usr/bin/python3.9"
    },
    "changed": false,
    "ping": "pong"
}
2026-08-26 12:01:47,015 p=5278 u=ansible n=ansible WARNING| [WARNING]: Host '192.168.100.10' is using the discovered Python interpreter at '/usr/bin/python3.9', but future installation of another Python interpreter could cause a different interpreter to be discovered. See https://docs.ansible.com/ansible-core/2.20/reference_appendices/interpreter_discovery.html for more information.

2026-08-26 12:01:47,015 p=5278 u=ansible n=ansible INFO| 192.168.100.10 | SUCCESS => {
    "ansible_facts": {
        "discovered_interpreter_python": "/usr/bin/python3.9"
    },
    "changed": false,
    "ping": "pong"
}
2026-08-26 12:02:10,984 p=5316 u=ansible n=ansible WARNING| [WARNING]: Host '192.168.100.10' is using the discovered Python interpreter at '/usr/bin/python3.9', but future installation of another Python interpreter could cause a different interpreter to be discovered. See https://docs.ansible.com/ansible-core/2.20/reference_appendices/interpreter_discovery.html for more information.

2026-08-26 12:02:10,985 p=5316 u=ansible n=ansible INFO| 192.168.100.10 | SUCCESS => {
    "ansible_facts": {
        "discovered_interpreter_python": "/usr/bin/python3.9"
    },
    "changed": false,
    "ping": "pong"
}
2026-08-26 12:16:26,590 p=5426 u=ansible n=ansible WARNING| [WARNING]: Host '192.168.100.10' is using the discovered Python interpreter at '/usr/bin/python3.9', but future installation of another Python interpreter could cause a different interpreter to be discovered. See https://docs.ansible.com/ansible-core/2.20/reference_appendices/interpreter_discovery.html for more information.

2026-08-26 12:16:26,591 p=5426 u=ansible n=ansible INFO| 192.168.100.10 | SUCCESS => {
    "ansible_facts": {
        "discovered_interpreter_python": "/usr/bin/python3.9"
    },
    "changed": false,
    "ping": "pong"
}
2026-08-26 12:40:27,096 p=5752 u=ansible n=ansible WARNING| [WARNING]: Host '192.168.100.10' is using the discovered Python interpreter at '/usr/bin/python3.9', but future installation of another Python interpreter could cause a different interpreter to be discovered. See https://docs.ansible.com/ansible-core/2.20/reference_appendices/interpreter_discovery.html for more information.

2026-08-26 12:40:27,106 p=5752 u=ansible n=ansible INFO| 192.168.100.10 | SUCCESS => {
    "ansible_facts": {
        "ansible_all_ipv4_addresses": [
            "192.168.100.10"
        ],
        "ansible_all_ipv6_addresses": [
            "fe80::e62a:4cd:2dc1:7599"
        ],
        "ansible_apparmor": {
            "status": "disabled"
        },
        "ansible_architecture": "x86_64",
        "ansible_bios_date": "09/22/2025",
        "ansible_bios_vendor": "American Megatrends Inc.",
        "ansible_bios_version": "3.5",
        "ansible_board_asset_tag": "To be filled by O.E.M.",
        "ansible_board_name": "H12DSU-iN",
        "ansible_board_serial": "UM20CS602065",
        "ansible_board_vendor": "Supermicro",
        "ansible_board_version": "1.01",
        "ansible_br20": {
            "active": true,
            "device": "br20",
            "features": {
                "esp_hw_offload": "off [fixed]",
                "esp_tx_csum_hw_offload": "off [fixed]",
                "generic_receive_offload": "on",
                "generic_segmentation_offload": "on",
                "highdma": "on",
                "hsr_dup_offload": "off [fixed]",
                "hsr_fwd_offload": "off [fixed]",
                "hsr_tag_ins_offload": "off [fixed]",
                "hsr_tag_rm_offload": "off [fixed]",
                "hw_tc_offload": "off [fixed]",
                "l2_fwd_offload": "off [fixed]",
                "large_receive_offload": "off [fixed]",
                "loopback": "off [fixed]",
                "macsec_hw_offload": "off [fixed]",
                "ntuple_filters": "off [fixed]",
                "receive_hashing": "off [fixed]",
                "rx_all": "off [fixed]",
                "rx_checksumming": "off [fixed]",
                "rx_fcs": "off [fixed]",
                "rx_gro_hw": "off [fixed]",
                "rx_gro_list": "off",
                "rx_udp_gro_forwarding": "off",
                "rx_udp_tunnel_port_offload": "off [fixed]",
                "rx_vlan_filter": "off [fixed]",
                "rx_vlan_offload": "off [fixed]",
                "rx_vlan_stag_filter": "off [fixed]",
                "rx_vlan_stag_hw_parse": "off [fixed]",
                "scatter_gather": "on",
                "tcp_segmentation_offload": "on",
                "tls_hw_record": "off [fixed]",
                "tls_hw_rx_offload": "off [fixed]",
                "tls_hw_tx_offload": "off [fixed]",
                "tx_checksum_fcoe_crc": "off [fixed]",
                "tx_checksum_ip_generic": "on",
                "tx_checksum_ipv4": "off [fixed]",
                "tx_checksum_ipv6": "off [fixed]",
                "tx_checksum_sctp": "off [fixed]",
                "tx_checksumming": "on",
                "tx_esp_segmentation": "on",
                "tx_fcoe_segmentation": "off [requested on]",
                "tx_gre_csum_segmentation": "on",
                "tx_gre_segmentation": "on",
                "tx_gso_list": "off [requested on]",
                "tx_gso_partial": "on",
                "tx_gso_robust": "off [requested on]",
                "tx_ipxip4_segmentation": "on",
                "tx_ipxip6_segmentation": "on",
                "tx_nocache_copy": "off",
                "tx_scatter_gather": "on",
                "tx_scatter_gather_fraglist": "off [requested on]",
                "tx_sctp_segmentation": "off [requested on]",
                "tx_tcp6_segmentation": "on",
                "tx_tcp_ecn_segmentation": "on",
                "tx_tcp_mangleid_segmentation": "on",
                "tx_tcp_segmentation": "on",
                "tx_tunnel_remcsum_segmentation": "on",
                "tx_udp_segmentation": "on",
                "tx_udp_tnl_csum_segmentation": "on",
                "tx_udp_tnl_segmentation": "on",
                "tx_vlan_offload": "on",
                "tx_vlan_stag_hw_insert": "on",
                "vlan_challenged": "off [fixed]"
            },
            "hw_timestamp_filters": [],
            "id": "8000.3cecef5d4801",
            "interfaces": [
                "enp68s0f1"
            ],
            "ipv4": {
                "address": "192.168.100.10",
                "broadcast": "192.168.100.255",
                "netmask": "255.255.255.0",
                "network": "192.168.100.0",
                "prefix": "24"
            },
            "ipv6": [
                {
                    "address": "fe80::e62a:4cd:2dc1:7599",
                    "prefix": "64",
                    "scope": "link"
                }
            ],
            "macaddress": "3c:ec:ef:5d:48:01",
            "mtu": 1500,
            "promisc": false,
            "speed": 1000,
            "stp": true,
            "timestamping": [],
            "type": "bridge"
        },
        "ansible_chassis_asset_tag": "To be filled by O.E.M.",
        "ansible_chassis_serial": "C829UAK09P20269",
        "ansible_chassis_vendor": "Supermicro",
        "ansible_chassis_version": "0123456789",
        "ansible_cmdline": {
            "BOOT_IMAGE": "(hd1,gpt2)/vmlinuz-5.14.0-611.11.1.el9_7.x86_64",
            "crashkernel": "1G-2G:192M,2G-64G:256M,64G-:512M",
            "quiet": true,
            "rd.lvm.lv": "rhel/swap",
            "resume": "/dev/mapper/rhel-swap",
            "rhgb": true,
            "ro": true,
            "root": "/dev/mapper/rhel-root"
        },
        "ansible_date_time": {
            "date": "2026-08-26",
            "day": "26",
            "epoch": "1787719224",
            "epoch_int": "1787719224",
            "hour": "12",
            "iso8601": "2026-08-26T04:40:24Z",
            "iso8601_basic": "20260826T124024680188",
            "iso8601_basic_short": "20260826T124024",
            "iso8601_micro": "2026-08-26T04:40:24.680188Z",
            "minute": "40",
            "month": "08",
            "second": "24",
            "time": "12:40:24",
            "tz": "CST",
            "tz_dst": "CST",
            "tz_offset": "+0800",
            "weekday": "Wednesday",
            "weekday_number": "3",
            "weeknumber": "34",
            "year": "2026"
        },
        "ansible_default_ipv4": {
            "address": "192.168.100.10",
            "alias": "br20",
            "broadcast": "192.168.100.255",
            "gateway": "192.168.100.1",
            "interface": "br20",
            "macaddress": "3c:ec:ef:5d:48:01",
            "mtu": 1500,
            "netmask": "255.255.255.0",
            "network": "192.168.100.0",
            "prefix": "24",
            "type": "bridge"
        },
        "ansible_default_ipv6": {},
        "ansible_device_links": {
            "ids": {
                "dm-0": [
                    "dm-name-rhel-root",
                    "dm-uuid-LVM-DOD9ROtkXXpDmFwLWj24wFgFgldsS2K9Ofw04jefZaM7OV4oF9KcVpuafbKwcAwa"
                ],
                "dm-1": [
                    "dm-name-rhel-swap",
                    "dm-uuid-LVM-DOD9ROtkXXpDmFwLWj24wFgFgldsS2K9bMf7b5RbwkXlm1dWY48afyw70iqa5B6s"
                ],
                "dm-2": [
                    "dm-name-rhel-home",
                    "dm-uuid-LVM-DOD9ROtkXXpDmFwLWj24wFgFgldsS2K9Blrx53kD54ZOssIXvYxBNM1ejwUr1U8M"
                ],
                "sda": [
                    "ata-INTEL_SSDSC2KG480G8_PHYG04010003480BGN",
                    "scsi-0ATA_INTEL_SSDSC2KG48_PHYG04010003480BGN",
                    "scsi-1ATA_INTEL_SSDSC2KG480G8_PHYG04010003480BGN",
                    "scsi-355cd2e41530aa3d0",
                    "scsi-SATA_INTEL_SSDSC2KG48_PHYG04010003480BGN",
                    "wwn-0x55cd2e41530aa3d0"
                ],
                "sda1": [
                    "ata-INTEL_SSDSC2KG480G8_PHYG04010003480BGN-part1",
                    "scsi-0ATA_INTEL_SSDSC2KG48_PHYG04010003480BGN-part1",
                    "scsi-1ATA_INTEL_SSDSC2KG480G8_PHYG04010003480BGN-part1",
                    "scsi-355cd2e41530aa3d0-part1",
                    "scsi-SATA_INTEL_SSDSC2KG48_PHYG04010003480BGN-part1",
                    "wwn-0x55cd2e41530aa3d0-part1"
                ],
                "sda2": [
                    "ata-INTEL_SSDSC2KG480G8_PHYG04010003480BGN-part2",
                    "scsi-0ATA_INTEL_SSDSC2KG48_PHYG04010003480BGN-part2",
                    "scsi-1ATA_INTEL_SSDSC2KG480G8_PHYG04010003480BGN-part2",
                    "scsi-355cd2e41530aa3d0-part2",
                    "scsi-SATA_INTEL_SSDSC2KG48_PHYG04010003480BGN-part2",
                    "wwn-0x55cd2e41530aa3d0-part2"
                ],
                "sda3": [
                    "ata-INTEL_SSDSC2KG480G8_PHYG04010003480BGN-part3",
                    "lvm-pv-uuid-hiMFhC-HnTM-eEM3-PhCG-DP8c-bDIK-oqsD1t",
                    "scsi-0ATA_INTEL_SSDSC2KG48_PHYG04010003480BGN-part3",
                    "scsi-1ATA_INTEL_SSDSC2KG480G8_PHYG04010003480BGN-part3",
                    "scsi-355cd2e41530aa3d0-part3",
                    "scsi-SATA_INTEL_SSDSC2KG48_PHYG04010003480BGN-part3",
                    "wwn-0x55cd2e41530aa3d0-part3"
                ],
                "sdb": [
                    "ata-INTEL_SSDSC2KG480G8_PHYG040201FS480BGN",
                    "scsi-0ATA_INTEL_SSDSC2KG48_PHYG040201FS480BGN",
                    "scsi-1ATA_INTEL_SSDSC2KG480G8_PHYG040201FS480BGN",
                    "scsi-355cd2e41530ad0b2",
                    "scsi-SATA_INTEL_SSDSC2KG48_PHYG040201FS480BGN",
                    "wwn-0x55cd2e41530ad0b2"
                ]
            },
            "labels": {},
            "masters": {
                "sda3": [
                    "dm-0",
                    "dm-1",
                    "dm-2"
                ]
            },
            "uuids": {
                "dm-0": [
                    "dc16af16-a05e-4710-9e69-44c5578e3bf4"
                ],
                "dm-1": [
                    "b2162a23-d394-4d5b-a13f-54db7d7ec1a4"
                ],
                "dm-2": [
                    "eee7f419-c424-42e8-887b-c364ea88a15f"
                ],
                "sda1": [
                    "408B-F4F2"
                ],
                "sda2": [
                    "b3a25f30-9881-4d8b-a4ae-4f390dac7ae7"
                ]
            }
        },
        "ansible_devices": {
            "dm-0": {
                "holders": [],
                "host": "",
                "links": {
                    "ids": [
                        "dm-name-rhel-root",
                        "dm-uuid-LVM-DOD9ROtkXXpDmFwLWj24wFgFgldsS2K9Ofw04jefZaM7OV4oF9KcVpuafbKwcAwa"
                    ],
                    "labels": [],
                    "masters": [],
                    "uuids": [
                        "dc16af16-a05e-4710-9e69-44c5578e3bf4"
                    ]
                },
                "model": null,
                "partitions": {},
                "removable": "0",
                "rotational": "0",
                "sas_address": null,
                "sas_device_handle": null,
                "scheduler_mode": "",
                "sectors": 146800640,
                "sectorsize": "512",
                "serial": "PHYG04010003480BGN",
                "size": "70.00 GB",
                "support_discard": "4096",
                "vendor": null,
                "virtual": 1
            },
            "dm-1": {
                "holders": [],
                "host": "",
                "links": {
                    "ids": [
                        "dm-name-rhel-swap",
                        "dm-uuid-LVM-DOD9ROtkXXpDmFwLWj24wFgFgldsS2K9bMf7b5RbwkXlm1dWY48afyw70iqa5B6s"
                    ],
                    "labels": [],
                    "masters": [],
                    "uuids": [
                        "b2162a23-d394-4d5b-a13f-54db7d7ec1a4"
                    ]
                },
                "model": null,
                "partitions": {},
                "removable": "0",
                "rotational": "0",
                "sas_address": null,
                "sas_device_handle": null,
                "scheduler_mode": "",
                "sectors": 8388608,
                "sectorsize": "512",
                "serial": "PHYG04010003480BGN",
                "size": "4.00 GB",
                "support_discard": "4096",
                "vendor": null,
                "virtual": 1
            },
            "dm-2": {
                "holders": [],
                "host": "",
                "links": {
                    "ids": [
                        "dm-name-rhel-home",
                        "dm-uuid-LVM-DOD9ROtkXXpDmFwLWj24wFgFgldsS2K9Blrx53kD54ZOssIXvYxBNM1ejwUr1U8M"
                    ],
                    "labels": [],
                    "masters": [],
                    "uuids": [
                        "eee7f419-c424-42e8-887b-c364ea88a15f"
                    ]
                },
                "model": null,
                "partitions": {},
                "removable": "0",
                "rotational": "0",
                "sas_address": null,
                "sas_device_handle": null,
                "scheduler_mode": "",
                "sectors": 779182080,
                "sectorsize": "512",
                "serial": "PHYG04010003480BGN",
                "size": "371.54 GB",
                "support_discard": "4096",
                "vendor": null,
                "virtual": 1
            },
            "sda": {
                "holders": [],
                "host": "SATA controller: Advanced Micro Devices, Inc. [AMD] FCH SATA Controller [AHCI mode] (rev 51)",
                "links": {
                    "ids": [
                        "ata-INTEL_SSDSC2KG480G8_PHYG04010003480BGN",
                        "scsi-0ATA_INTEL_SSDSC2KG48_PHYG04010003480BGN",
                        "scsi-1ATA_INTEL_SSDSC2KG480G8_PHYG04010003480BGN",
                        "scsi-355cd2e41530aa3d0",
                        "scsi-SATA_INTEL_SSDSC2KG48_PHYG04010003480BGN",
                        "wwn-0x55cd2e41530aa3d0"
                    ],
                    "labels": [],
                    "masters": [],
                    "uuids": []
                },
                "model": "INTEL SSDSC2KG48",
                "partitions": {
                    "sda1": {
                        "holders": [],
                        "links": {
                            "ids": [
                                "ata-INTEL_SSDSC2KG480G8_PHYG04010003480BGN-part1",
                                "scsi-0ATA_INTEL_SSDSC2KG48_PHYG04010003480BGN-part1",
                                "scsi-1ATA_INTEL_SSDSC2KG480G8_PHYG04010003480BGN-part1",
                                "scsi-355cd2e41530aa3d0-part1",
                                "scsi-SATA_INTEL_SSDSC2KG48_PHYG04010003480BGN-part1",
                                "wwn-0x55cd2e41530aa3d0-part1"
                            ],
                            "labels": [],
                            "masters": [],
                            "uuids": [
                                "408B-F4F2"
                            ]
                        },
                        "sectors": 1228800,
                        "sectorsize": 512,
                        "size": "600.00 MB",
                        "start": "2048",
                        "uuid": "408B-F4F2"
                    },
                    "sda2": {
                        "holders": [],
                        "links": {
                            "ids": [
                                "ata-INTEL_SSDSC2KG480G8_PHYG04010003480BGN-part2",
                                "scsi-0ATA_INTEL_SSDSC2KG48_PHYG04010003480BGN-part2",
                                "scsi-1ATA_INTEL_SSDSC2KG480G8_PHYG04010003480BGN-part2",
                                "scsi-355cd2e41530aa3d0-part2",
                                "scsi-SATA_INTEL_SSDSC2KG48_PHYG04010003480BGN-part2",
                                "wwn-0x55cd2e41530aa3d0-part2"
                            ],
                            "labels": [],
                            "masters": [],
                            "uuids": [
                                "b3a25f30-9881-4d8b-a4ae-4f390dac7ae7"
                            ]
                        },
                        "sectors": 2097152,
                        "sectorsize": 512,
                        "size": "1.00 GB",
                        "start": "1230848",
                        "uuid": "b3a25f30-9881-4d8b-a4ae-4f390dac7ae7"
                    },
                    "sda3": {
                        "holders": [
                            "rhel-swap",
                            "rhel-home",
                            "rhel-root"
                        ],
                        "links": {
                            "ids": [
                                "ata-INTEL_SSDSC2KG480G8_PHYG04010003480BGN-part3",
                                "lvm-pv-uuid-hiMFhC-HnTM-eEM3-PhCG-DP8c-bDIK-oqsD1t",
                                "scsi-0ATA_INTEL_SSDSC2KG48_PHYG04010003480BGN-part3",
                                "scsi-1ATA_INTEL_SSDSC2KG480G8_PHYG04010003480BGN-part3",
                                "scsi-355cd2e41530aa3d0-part3",
                                "scsi-SATA_INTEL_SSDSC2KG48_PHYG04010003480BGN-part3",
                                "wwn-0x55cd2e41530aa3d0-part3"
                            ],
                            "labels": [],
                            "masters": [
                                "dm-0",
                                "dm-1",
                                "dm-2"
                            ],
                            "uuids": []
                        },
                        "sectors": 934373376,
                        "sectorsize": 512,
                        "size": "445.54 GB",
                        "start": "3328000",
                        "uuid": null
                    }
                },
                "removable": "0",
                "rotational": "0",
                "sas_address": null,
                "sas_device_handle": null,
                "scheduler_mode": "mq-deadline",
                "sectors": 937703088,
                "sectorsize": "512",
                "serial": "PHYG04010003480BGN",
                "size": "447.13 GB",
                "support_discard": "4096",
                "vendor": "ATA",
                "virtual": 1,
                "wwn": "0x55cd2e41530aa3d0"
            },
            "sdb": {
                "holders": [],
                "host": "SATA controller: Advanced Micro Devices, Inc. [AMD] FCH SATA Controller [AHCI mode] (rev 51)",
                "links": {
                    "ids": [
                        "ata-INTEL_SSDSC2KG480G8_PHYG040201FS480BGN",
                        "scsi-0ATA_INTEL_SSDSC2KG48_PHYG040201FS480BGN",
                        "scsi-1ATA_INTEL_SSDSC2KG480G8_PHYG040201FS480BGN",
                        "scsi-355cd2e41530ad0b2",
                        "scsi-SATA_INTEL_SSDSC2KG48_PHYG040201FS480BGN",
                        "wwn-0x55cd2e41530ad0b2"
                    ],
                    "labels": [],
                    "masters": [],
                    "uuids": []
                },
                "model": "INTEL SSDSC2KG48",
                "partitions": {},
                "removable": "0",
                "rotational": "0",
                "sas_address": null,
                "sas_device_handle": null,
                "scheduler_mode": "mq-deadline",
                "sectors": 937703088,
                "sectorsize": "512",
                "serial": "PHYG040201FS480BGN",
                "size": "447.13 GB",
                "support_discard": "4096",
                "vendor": "ATA",
                "virtual": 1,
                "wwn": "0x55cd2e41530ad0b2"
            }
        },
        "ansible_distribution": "RedHat",
        "ansible_distribution_file_parsed": true,
        "ansible_distribution_file_path": "/etc/redhat-release",
        "ansible_distribution_file_search_string": "Red Hat",
        "ansible_distribution_file_variety": "RedHat",
        "ansible_distribution_major_version": "9",
        "ansible_distribution_release": "Plow",
        "ansible_distribution_version": "9.8",
        "ansible_dns": {
            "nameservers": [
                "8.8.8.8"
            ]
        },
        "ansible_domain": "",
        "ansible_effective_group_id": 0,
        "ansible_effective_user_id": 0,
        "ansible_enp68s0f0": {
            "active": false,
            "device": "enp68s0f0",
            "features": {
                "esp_hw_offload": "off [fixed]",
                "esp_tx_csum_hw_offload": "off [fixed]",
                "generic_receive_offload": "on",
                "generic_segmentation_offload": "on",
                "highdma": "on",
                "hsr_dup_offload": "off [fixed]",
                "hsr_fwd_offload": "off [fixed]",
                "hsr_tag_ins_offload": "off [fixed]",
                "hsr_tag_rm_offload": "off [fixed]",
                "hw_tc_offload": "off",
                "l2_fwd_offload": "off",
                "large_receive_offload": "off [fixed]",
                "loopback": "off",
                "macsec_hw_offload": "off [fixed]",
                "ntuple_filters": "on",
                "receive_hashing": "on",
                "rx_all": "off [fixed]",
                "rx_checksumming": "on",
                "rx_fcs": "off [fixed]",
                "rx_gro_hw": "off [fixed]",
                "rx_gro_list": "off",
                "rx_udp_gro_forwarding": "off",
                "rx_udp_tunnel_port_offload": "on",
                "rx_vlan_filter": "on [fixed]",
                "rx_vlan_offload": "on",
                "rx_vlan_stag_filter": "off [fixed]",
                "rx_vlan_stag_hw_parse": "off [fixed]",
                "scatter_gather": "on",
                "tcp_segmentation_offload": "on",
                "tls_hw_record": "off [fixed]",
                "tls_hw_rx_offload": "off [fixed]",
                "tls_hw_tx_offload": "off [fixed]",
                "tx_checksum_fcoe_crc": "off [fixed]",
                "tx_checksum_ip_generic": "on",
                "tx_checksum_ipv4": "off [fixed]",
                "tx_checksum_ipv6": "off [fixed]",
                "tx_checksum_sctp": "on",
                "tx_checksumming": "on",
                "tx_esp_segmentation": "off [fixed]",
                "tx_fcoe_segmentation": "off [fixed]",
                "tx_gre_csum_segmentation": "on",
                "tx_gre_segmentation": "on",
                "tx_gso_list": "off [fixed]",
                "tx_gso_partial": "on",
                "tx_gso_robust": "off [fixed]",
                "tx_ipxip4_segmentation": "on",
                "tx_ipxip6_segmentation": "on",
                "tx_nocache_copy": "off",
                "tx_scatter_gather": "on",
                "tx_scatter_gather_fraglist": "off [fixed]",
                "tx_sctp_segmentation": "off [fixed]",
                "tx_tcp6_segmentation": "on",
                "tx_tcp_ecn_segmentation": "on",
                "tx_tcp_mangleid_segmentation": "off",
                "tx_tcp_segmentation": "on",
                "tx_tunnel_remcsum_segmentation": "off [fixed]",
                "tx_udp_segmentation": "on",
                "tx_udp_tnl_csum_segmentation": "on",
                "tx_udp_tnl_segmentation": "on",
                "tx_vlan_offload": "on",
                "tx_vlan_stag_hw_insert": "off [fixed]",
                "vlan_challenged": "off [fixed]"
            },
            "hw_timestamp_filters": [],
            "macaddress": "3c:ec:ef:5d:48:00",
            "module": "i40e",
            "mtu": 1500,
            "pciid": "0000:44:00.0",
            "promisc": false,
            "speed": -1,
            "timestamping": [],
            "type": "ether"
        },
        "ansible_enp68s0f1": {
            "active": true,
            "device": "enp68s0f1",
            "features": {
                "esp_hw_offload": "off [fixed]",
                "esp_tx_csum_hw_offload": "off [fixed]",
                "generic_receive_offload": "on",
                "generic_segmentation_offload": "on",
                "highdma": "on",
                "hsr_dup_offload": "off [fixed]",
                "hsr_fwd_offload": "off [fixed]",
                "hsr_tag_ins_offload": "off [fixed]",
                "hsr_tag_rm_offload": "off [fixed]",
                "hw_tc_offload": "off",
                "l2_fwd_offload": "off",
                "large_receive_offload": "off [fixed]",
                "loopback": "off",
                "macsec_hw_offload": "off [fixed]",
                "ntuple_filters": "on",
                "receive_hashing": "on",
                "rx_all": "off [fixed]",
                "rx_checksumming": "on",
                "rx_fcs": "off [fixed]",
                "rx_gro_hw": "off [fixed]",
                "rx_gro_list": "off",
                "rx_udp_gro_forwarding": "off",
                "rx_udp_tunnel_port_offload": "on",
                "rx_vlan_filter": "on [fixed]",
                "rx_vlan_offload": "on",
                "rx_vlan_stag_filter": "off [fixed]",
                "rx_vlan_stag_hw_parse": "off [fixed]",
                "scatter_gather": "on",
                "tcp_segmentation_offload": "on",
                "tls_hw_record": "off [fixed]",
                "tls_hw_rx_offload": "off [fixed]",
                "tls_hw_tx_offload": "off [fixed]",
                "tx_checksum_fcoe_crc": "off [fixed]",
                "tx_checksum_ip_generic": "on",
                "tx_checksum_ipv4": "off [fixed]",
                "tx_checksum_ipv6": "off [fixed]",
                "tx_checksum_sctp": "on",
                "tx_checksumming": "on",
                "tx_esp_segmentation": "off [fixed]",
                "tx_fcoe_segmentation": "off [fixed]",
                "tx_gre_csum_segmentation": "on",
                "tx_gre_segmentation": "on",
                "tx_gso_list": "off [fixed]",
                "tx_gso_partial": "on",
                "tx_gso_robust": "off [fixed]",
                "tx_ipxip4_segmentation": "on",
                "tx_ipxip6_segmentation": "on",
                "tx_nocache_copy": "off",
                "tx_scatter_gather": "on",
                "tx_scatter_gather_fraglist": "off [fixed]",
                "tx_sctp_segmentation": "off [fixed]",
                "tx_tcp6_segmentation": "on",
                "tx_tcp_ecn_segmentation": "on",
                "tx_tcp_mangleid_segmentation": "off",
                "tx_tcp_segmentation": "on",
                "tx_tunnel_remcsum_segmentation": "off [fixed]",
                "tx_udp_segmentation": "on",
                "tx_udp_tnl_csum_segmentation": "on",
                "tx_udp_tnl_segmentation": "on",
                "tx_vlan_offload": "on",
                "tx_vlan_stag_hw_insert": "off [fixed]",
                "vlan_challenged": "off [fixed]"
            },
            "hw_timestamp_filters": [],
            "macaddress": "3c:ec:ef:5d:48:01",
            "module": "i40e",
            "mtu": 1500,
            "pciid": "0000:44:00.1",
            "promisc": true,
            "speed": 1000,
            "timestamping": [],
            "type": "ether"
        },
        "ansible_env": {
            "HOME": "/root",
            "LANG": "en_US.UTF-8",
            "LOGNAME": "root",
            "LS_COLORS": "rs=0:di=01;34:ln=01;36:mh=00:pi=40;33:so=01;35:do=01;35:bd=40;33;01:cd=40;33;01:or=40;31;01:mi=01;37;41:su=37;41:sg=30;43:ca=30;41:tw=30;42:ow=34;42:st=37;44:ex=01;32:*.tar=01;31:*.tgz=01;31:*.arc=01;31:*.arj=01;31:*.taz=01;31:*.lha=01;31:*.lz4=01;31:*.lzh=01;31:*.lzma=01;31:*.tlz=01;31:*.txz=01;31:*.tzo=01;31:*.t7z=01;31:*.zip=01;31:*.z=01;31:*.dz=01;31:*.gz=01;31:*.lrz=01;31:*.lz=01;31:*.lzo=01;31:*.xz=01;31:*.zst=01;31:*.tzst=01;31:*.bz2=01;31:*.bz=01;31:*.tbz=01;31:*.tbz2=01;31:*.tz=01;31:*.deb=01;31:*.rpm=01;31:*.jar=01;31:*.war=01;31:*.ear=01;31:*.sar=01;31:*.rar=01;31:*.alz=01;31:*.ace=01;31:*.zoo=01;31:*.cpio=01;31:*.7z=01;31:*.rz=01;31:*.cab=01;31:*.wim=01;31:*.swm=01;31:*.dwm=01;31:*.esd=01;31:*.jpg=01;35:*.jpeg=01;35:*.mjpg=01;35:*.mjpeg=01;35:*.gif=01;35:*.bmp=01;35:*.pbm=01;35:*.pgm=01;35:*.ppm=01;35:*.tga=01;35:*.xbm=01;35:*.xpm=01;35:*.tif=01;35:*.tiff=01;35:*.png=01;35:*.svg=01;35:*.svgz=01;35:*.mng=01;35:*.pcx=01;35:*.mov=01;35:*.mpg=01;35:*.mpeg=01;35:*.m2v=01;35:*.mkv=01;35:*.webm=01;35:*.webp=01;35:*.ogm=01;35:*.mp4=01;35:*.m4v=01;35:*.mp4v=01;35:*.vob=01;35:*.qt=01;35:*.nuv=01;35:*.wmv=01;35:*.asf=01;35:*.rm=01;35:*.rmvb=01;35:*.flc=01;35:*.avi=01;35:*.fli=01;35:*.flv=01;35:*.gl=01;35:*.dl=01;35:*.xcf=01;35:*.xwd=01;35:*.yuv=01;35:*.cgm=01;35:*.emf=01;35:*.ogv=01;35:*.ogx=01;35:*.aac=01;36:*.au=01;36:*.flac=01;36:*.m4a=01;36:*.mid=01;36:*.midi=01;36:*.mka=01;36:*.mp3=01;36:*.mpc=01;36:*.ogg=01;36:*.ra=01;36:*.wav=01;36:*.oga=01;36:*.opus=01;36:*.spx=01;36:*.xspf=01;36:",
            "MAIL": "/var/mail/root",
            "PATH": "/sbin:/bin:/usr/sbin:/usr/bin",
            "PWD": "/home/ansible",
            "SHELL": "/bin/bash",
            "SHLVL": "0",
            "SUDO_COMMAND": "/bin/sh -c echo BECOME-SUCCESS-nbqcvlvbymeweyxwpahxfbkqgdcpzgrg ; /usr/bin/python3.9 /home/ansible/.ansible/tmp/ansible-tmp-1787719225.4712622-5757-146714619955802/AnsiballZ_setup.py",
            "SUDO_GID": "1001",
            "SUDO_HOME": "/home/ansible",
            "SUDO_TTY": "/dev/pts/1",
            "SUDO_UID": "1001",
            "SUDO_USER": "ansible",
            "TERM": "xterm-256color",
            "USER": "root",
            "_": "/usr/bin/python3.9"
        },
        "ansible_fibre_channel_wwn": [],
        "ansible_fips": false,
        "ansible_flags": [
            "fpu",
            "vme",
            "de",
            "pse",
            "tsc",
            "msr",
            "pae",
            "mce",
            "cx8",
            "apic",
            "sep",
            "mtrr",
            "pge",
            "mca",
            "cmov",
            "pat",
            "pse36",
            "clflush",
            "mmx",
            "fxsr",
            "sse",
            "sse2",
            "ht",
            "syscall",
            "nx",
            "mmxext",
            "fxsr_opt",
            "pdpe1gb",
            "rdtscp",
            "lm",
            "constant_tsc",
            "rep_good",
            "nopl",
            "xtopology",
            "nonstop_tsc",
            "cpuid",
            "extd_apicid",
            "aperfmperf",
            "rapl",
            "pni",
            "pclmulqdq",
            "monitor",
            "ssse3",
            "fma",
            "cx16",
            "sse4_1",
            "sse4_2",
            "movbe",
            "popcnt",
            "aes",
            "xsave",
            "avx",
            "f16c",
            "rdrand",
            "lahf_lm",
            "cmp_legacy",
            "svm",
            "extapic",
            "cr8_legacy",
            "abm",
            "sse4a",
            "misalignsse",
            "3dnowprefetch",
            "osvw",
            "ibs",
            "skinit",
            "wdt",
            "tce",
            "topoext",
            "perfctr_core",
            "perfctr_nb",
            "bpext",
            "perfctr_llc",
            "mwaitx",
            "cpb",
            "cat_l3",
            "cdp_l3",
            "hw_pstate",
            "ssbd",
            "mba",
            "ibrs",
            "ibpb",
            "stibp",
            "vmmcall",
            "fsgsbase",
            "bmi1",
            "avx2",
            "smep",
            "bmi2",
            "cqm",
            "rdt_a",
            "rdseed",
            "adx",
            "smap",
            "clflushopt",
            "clwb",
            "sha_ni",
            "xsaveopt",
            "xsavec",
            "xgetbv1",
            "xsaves",
            "cqm_llc",
            "cqm_occup_llc",
            "cqm_mbm_total",
            "cqm_mbm_local",
            "clzero",
            "irperf",
            "xsaveerptr",
            "rdpru",
            "wbnoinvd",
            "amd_ppin",
            "arat",
            "npt",
            "lbrv",
            "svm_lock",
            "nrip_save",
            "tsc_scale",
            "vmcb_clean",
            "flushbyasid",
            "decodeassists",
            "pausefilter",
            "pfthreshold",
            "avic",
            "v_vmsave_vmload",
            "vgif",
            "v_spec_ctrl",
            "umip",
            "rdpid",
            "overflow_recov",
            "succor",
            "smca",
            "sev",
            "sev_es"
        ],
        "ansible_form_factor": "Other",
        "ansible_fqdn": "33KW",
        "ansible_hostname": "33KW",
        "ansible_hostnqn": "nqn.2014-08.org.nvmexpress:uuid:48bb5000-54d3-11eb-8000-3cecef5d4800",
        "ansible_interfaces": [
            "lo",
            "enp68s0f0",
            "enp68s0f1",
            "br20"
        ],
        "ansible_is_chroot": false,
        "ansible_iscsi_iqn": "iqn.1994-05.com.redhat:a1ae1f1bc76",
        "ansible_kernel": "5.14.0-611.11.1.el9_7.x86_64",
        "ansible_kernel_version": "#1 SMP PREEMPT_DYNAMIC Tue Nov 25 05:13:22 EST 2025",
        "ansible_lo": {
            "active": true,
            "device": "lo",
            "features": {
                "esp_hw_offload": "off [fixed]",
                "esp_tx_csum_hw_offload": "off [fixed]",
                "generic_receive_offload": "on",
                "generic_segmentation_offload": "on",
                "highdma": "on [fixed]",
                "hsr_dup_offload": "off [fixed]",
                "hsr_fwd_offload": "off [fixed]",
                "hsr_tag_ins_offload": "off [fixed]",
                "hsr_tag_rm_offload": "off [fixed]",
                "hw_tc_offload": "off [fixed]",
                "l2_fwd_offload": "off [fixed]",
                "large_receive_offload": "off [fixed]",
                "loopback": "on [fixed]",
                "macsec_hw_offload": "off [fixed]",
                "ntuple_filters": "off [fixed]",
                "receive_hashing": "off [fixed]",
                "rx_all": "off [fixed]",
                "rx_checksumming": "on [fixed]",
                "rx_fcs": "off [fixed]",
                "rx_gro_hw": "off [fixed]",
                "rx_gro_list": "off",
                "rx_udp_gro_forwarding": "off",
                "rx_udp_tunnel_port_offload": "off [fixed]",
                "rx_vlan_filter": "off [fixed]",
                "rx_vlan_offload": "off [fixed]",
                "rx_vlan_stag_filter": "off [fixed]",
                "rx_vlan_stag_hw_parse": "off [fixed]",
                "scatter_gather": "on",
                "tcp_segmentation_offload": "on",
                "tls_hw_record": "off [fixed]",
                "tls_hw_rx_offload": "off [fixed]",
                "tls_hw_tx_offload": "off [fixed]",
                "tx_checksum_fcoe_crc": "off [fixed]",
                "tx_checksum_ip_generic": "on [fixed]",
                "tx_checksum_ipv4": "off [fixed]",
                "tx_checksum_ipv6": "off [fixed]",
                "tx_checksum_sctp": "on [fixed]",
                "tx_checksumming": "on",
                "tx_esp_segmentation": "off [fixed]",
                "tx_fcoe_segmentation": "off [fixed]",
                "tx_gre_csum_segmentation": "off [fixed]",
                "tx_gre_segmentation": "off [fixed]",
                "tx_gso_list": "on",
                "tx_gso_partial": "off [fixed]",
                "tx_gso_robust": "off [fixed]",
                "tx_ipxip4_segmentation": "off [fixed]",
                "tx_ipxip6_segmentation": "off [fixed]",
                "tx_nocache_copy": "off [fixed]",
                "tx_scatter_gather": "on [fixed]",
                "tx_scatter_gather_fraglist": "on [fixed]",
                "tx_sctp_segmentation": "on",
                "tx_tcp6_segmentation": "on",
                "tx_tcp_ecn_segmentation": "on",
                "tx_tcp_mangleid_segmentation": "on",
                "tx_tcp_segmentation": "on",
                "tx_tunnel_remcsum_segmentation": "off [fixed]",
                "tx_udp_segmentation": "on",
                "tx_udp_tnl_csum_segmentation": "off [fixed]",
                "tx_udp_tnl_segmentation": "off [fixed]",
                "tx_vlan_offload": "off [fixed]",
                "tx_vlan_stag_hw_insert": "off [fixed]",
                "vlan_challenged": "on [fixed]"
            },
            "hw_timestamp_filters": [],
            "ipv4": {
                "address": "127.0.0.1",
                "broadcast": "",
                "netmask": "255.0.0.0",
                "network": "127.0.0.0",
                "prefix": "8"
            },
            "ipv6": [
                {
                    "address": "::1",
                    "prefix": "128",
                    "scope": "host"
                }
            ],
            "mtu": 65536,
            "promisc": false,
            "timestamping": [],
            "type": "loopback"
        },
        "ansible_loadavg": {
            "15m": 0.83,
            "1m": 1.56,
            "5m": 1.53
        },
        "ansible_local": {},
        "ansible_locally_reachable_ips": {
            "ipv4": [
                "127.0.0.0/8",
                "127.0.0.1",
                "192.168.100.10"
            ],
            "ipv6": [
                "::1",
                "fe80::e62a:4cd:2dc1:7599"
            ]
        },
        "ansible_lsb": {},
        "ansible_lvm": {
            "lvs": {
                "home": {
                    "size_g": "371.54",
                    "vg": "rhel"
                },
                "root": {
                    "size_g": "70.00",
                    "vg": "rhel"
                },
                "swap": {
                    "size_g": "4.00",
                    "vg": "rhel"
                }
            },
            "pvs": {
                "/dev/sda3": {
                    "free_g": "0",
                    "size_g": "445.54",
                    "vg": "rhel"
                }
            },
            "vgs": {
                "rhel": {
                    "free_g": "0",
                    "lvs": {
                        "home": {
                            "size_g": "371.54"
                        },
                        "root": {
                            "size_g": "70.00"
                        },
                        "swap": {
                            "size_g": "4.00"
                        }
                    },
                    "num_lvs": "3",
                    "num_pvs": "1",
                    "size_g": "445.54"
                }
            }
        },
        "ansible_machine": "x86_64",
        "ansible_machine_id": "4bcf872a48c04ebf919ab61b4ec25fde",
        "ansible_memfree_mb": 119415,
        "ansible_memory_mb": {
            "nocache": {
                "free": 125739,
                "used": 2498
            },
            "real": {
                "free": 119415,
                "total": 128237,
                "used": 8822
            },
            "swap": {
                "cached": 0,
                "free": 4095,
                "total": 4095,
                "used": 0
            }
        },
        "ansible_memtotal_mb": 128237,
        "ansible_mounts": [
            {
                "block_available": 11291471,
                "block_size": 4096,
                "block_total": 18341120,
                "block_used": 7049649,
                "device": "/dev/mapper/rhel-root",
                "dump": 0,
                "fstype": "xfs",
                "inode_available": 36494313,
                "inode_total": 36700160,
                "inode_used": 205847,
                "mount": "/",
                "options": "rw,seclabel,relatime,attr2,inode64,logbufs=8,logbsize=32k,noquota",
                "passno": 0,
                "size_available": 46249865216,
                "size_total": 75125227520,
                "uuid": "dc16af16-a05e-4710-9e69-44c5578e3bf4"
            },
            {
                "block_available": 135227,
                "block_size": 4096,
                "block_total": 259584,
                "block_used": 124357,
                "device": "/dev/sda2",
                "dump": 0,
                "fstype": "xfs",
                "inode_available": 524189,
                "inode_total": 524288,
                "inode_used": 99,
                "mount": "/boot",
                "options": "rw,seclabel,relatime,attr2,inode64,logbufs=8,logbsize=32k,noquota",
                "passno": 0,
                "size_available": 553889792,
                "size_total": 1063256064,
                "uuid": "b3a25f30-9881-4d8b-a4ae-4f390dac7ae7"
            },
            {
                "block_available": 96597875,
                "block_size": 4096,
                "block_total": 97350203,
                "block_used": 752328,
                "device": "/dev/mapper/rhel-home",
                "dump": 0,
                "fstype": "xfs",
                "inode_available": 194781335,
                "inode_total": 194795520,
                "inode_used": 14185,
                "mount": "/home",
                "options": "rw,seclabel,relatime,attr2,inode64,logbufs=8,logbsize=32k,noquota",
                "passno": 0,
                "size_available": 395664896000,
                "size_total": 398746431488,
                "uuid": "eee7f419-c424-42e8-887b-c364ea88a15f"
            },
            {
                "block_available": 151335,
                "block_size": 4096,
                "block_total": 153290,
                "block_used": 1955,
                "device": "/dev/sda1",
                "dump": 0,
                "fstype": "vfat",
                "inode_available": 0,
                "inode_total": 0,
                "inode_used": 0,
                "mount": "/boot/efi",
                "options": "rw,relatime,fmask=0077,dmask=0077,codepage=437,iocharset=ascii,shortname=winnt,errors=remount-ro",
                "passno": 0,
                "size_available": 619868160,
                "size_total": 627875840,
                "uuid": "408B-F4F2"
            }
        ],
        "ansible_nodename": "33KW",
        "ansible_os_family": "RedHat",
        "ansible_pkg_mgr": "dnf",
        "ansible_proc_cmdline": {
            "BOOT_IMAGE": "(hd1,gpt2)/vmlinuz-5.14.0-611.11.1.el9_7.x86_64",
            "crashkernel": "1G-2G:192M,2G-64G:256M,64G-:512M",
            "quiet": true,
            "rd.lvm.lv": [
                "rhel/root",
                "rhel/swap"
            ],
            "resume": "/dev/mapper/rhel-swap",
            "rhgb": true,
            "ro": true,
            "root": "/dev/mapper/rhel-root"
        },
        "ansible_processor": [
            "0",
            "AuthenticAMD",
            "AMD EPYC 7302 16-Core Processor",
            "1",
            "AuthenticAMD",
            "AMD EPYC 7302 16-Core Processor",
            "2",
            "AuthenticAMD",
            "AMD EPYC 7302 16-Core Processor",
            "3",
            "AuthenticAMD",
            "AMD EPYC 7302 16-Core Processor",
            "4",
            "AuthenticAMD",
            "AMD EPYC 7302 16-Core Processor",
            "5",
            "AuthenticAMD",
            "AMD EPYC 7302 16-Core Processor",
            "6",
            "AuthenticAMD",
            "AMD EPYC 7302 16-Core Processor",
            "7",
            "AuthenticAMD",
            "AMD EPYC 7302 16-Core Processor",
            "8",
            "AuthenticAMD",
            "AMD EPYC 7302 16-Core Processor",
            "9",
            "AuthenticAMD",
            "AMD EPYC 7302 16-Core Processor",
            "10",
            "AuthenticAMD",
            "AMD EPYC 7302 16-Core Processor",
            "11",
            "AuthenticAMD",
            "AMD EPYC 7302 16-Core Processor",
            "12",
            "AuthenticAMD",
            "AMD EPYC 7302 16-Core Processor",
            "13",
            "AuthenticAMD",
            "AMD EPYC 7302 16-Core Processor",
            "14",
            "AuthenticAMD",
            "AMD EPYC 7302 16-Core Processor",
            "15",
            "AuthenticAMD",
            "AMD EPYC 7302 16-Core Processor",
            "16",
            "AuthenticAMD",
            "AMD EPYC 7302 16-Core Processor",
            "17",
            "AuthenticAMD",
            "AMD EPYC 7302 16-Core Processor",
            "18",
            "AuthenticAMD",
            "AMD EPYC 7302 16-Core Processor",
            "19",
            "AuthenticAMD",
            "AMD EPYC 7302 16-Core Processor",
            "20",
            "AuthenticAMD",
            "AMD EPYC 7302 16-Core Processor",
            "21",
            "AuthenticAMD",
            "AMD EPYC 7302 16-Core Processor",
            "22",
            "AuthenticAMD",
            "AMD EPYC 7302 16-Core Processor",
            "23",
            "AuthenticAMD",
            "AMD EPYC 7302 16-Core Processor",
            "24",
            "AuthenticAMD",
            "AMD EPYC 7302 16-Core Processor",
            "25",
            "AuthenticAMD",
            "AMD EPYC 7302 16-Core Processor",
            "26",
            "AuthenticAMD",
            "AMD EPYC 7302 16-Core Processor",
            "27",
            "AuthenticAMD",
            "AMD EPYC 7302 16-Core Processor",
            "28",
            "AuthenticAMD",
            "AMD EPYC 7302 16-Core Processor",
            "29",
            "AuthenticAMD",
            "AMD EPYC 7302 16-Core Processor",
            "30",
            "AuthenticAMD",
            "AMD EPYC 7302 16-Core Processor",
            "31",
            "AuthenticAMD",
            "AMD EPYC 7302 16-Core Processor",
            "32",
            "AuthenticAMD",
            "AMD EPYC 7302 16-Core Processor",
            "33",
            "AuthenticAMD",
            "AMD EPYC 7302 16-Core Processor",
            "34",
            "AuthenticAMD",
            "AMD EPYC 7302 16-Core Processor",
            "35",
            "AuthenticAMD",
            "AMD EPYC 7302 16-Core Processor",
            "36",
            "AuthenticAMD",
            "AMD EPYC 7302 16-Core Processor",
            "37",
            "AuthenticAMD",
            "AMD EPYC 7302 16-Core Processor",
            "38",
            "AuthenticAMD",
            "AMD EPYC 7302 16-Core Processor",
            "39",
            "AuthenticAMD",
            "AMD EPYC 7302 16-Core Processor",
            "40",
            "AuthenticAMD",
            "AMD EPYC 7302 16-Core Processor",
            "41",
            "AuthenticAMD",
            "AMD EPYC 7302 16-Core Processor",
            "42",
            "AuthenticAMD",
            "AMD EPYC 7302 16-Core Processor",
            "43",
            "AuthenticAMD",
            "AMD EPYC 7302 16-Core Processor",
            "44",
            "AuthenticAMD",
            "AMD EPYC 7302 16-Core Processor",
            "45",
            "AuthenticAMD",
            "AMD EPYC 7302 16-Core Processor",
            "46",
            "AuthenticAMD",
            "AMD EPYC 7302 16-Core Processor",
            "47",
            "AuthenticAMD",
            "AMD EPYC 7302 16-Core Processor",
            "48",
            "AuthenticAMD",
            "AMD EPYC 7302 16-Core Processor",
            "49",
            "AuthenticAMD",
            "AMD EPYC 7302 16-Core Processor",
            "50",
            "AuthenticAMD",
            "AMD EPYC 7302 16-Core Processor",
            "51",
            "AuthenticAMD",
            "AMD EPYC 7302 16-Core Processor",
            "52",
            "AuthenticAMD",
            "AMD EPYC 7302 16-Core Processor",
            "53",
            "AuthenticAMD",
            "AMD EPYC 7302 16-Core Processor",
            "54",
            "AuthenticAMD",
            "AMD EPYC 7302 16-Core Processor",
            "55",
            "AuthenticAMD",
            "AMD EPYC 7302 16-Core Processor",
            "56",
            "AuthenticAMD",
            "AMD EPYC 7302 16-Core Processor",
            "57",
            "AuthenticAMD",
            "AMD EPYC 7302 16-Core Processor",
            "58",
            "AuthenticAMD",
            "AMD EPYC 7302 16-Core Processor",
            "59",
            "AuthenticAMD",
            "AMD EPYC 7302 16-Core Processor",
            "60",
            "AuthenticAMD",
            "AMD EPYC 7302 16-Core Processor",
            "61",
            "AuthenticAMD",
            "AMD EPYC 7302 16-Core Processor",
            "62",
            "AuthenticAMD",
            "AMD EPYC 7302 16-Core Processor",
            "63",
            "AuthenticAMD",
            "AMD EPYC 7302 16-Core Processor"
        ],
        "ansible_processor_cores": 16,
        "ansible_processor_count": 2,
        "ansible_processor_nproc": 64,
        "ansible_processor_threads_per_core": 2,
        "ansible_processor_vcpus": 64,
        "ansible_product_name": "AS -2024US-TRT",
        "ansible_product_serial": "A412679X1306719",
        "ansible_product_uuid": "48bb5000-54d3-11eb-8000-3cecef5d4800",
        "ansible_product_version": "0123456789",
        "ansible_python": {
            "executable": "/usr/bin/python3.9",
            "has_sslcontext": true,
            "type": "cpython",
            "version": {
                "major": 3,
                "micro": 25,
                "minor": 9,
                "releaselevel": "final",
                "serial": 0
            },
            "version_info": [
                3,
                9,
                25,
                "final",
                0
            ]
        },
        "ansible_python_version": "3.9.25",
        "ansible_real_group_id": 0,
        "ansible_real_user_id": 0,
        "ansible_selinux": {
            "config_mode": "enforcing",
            "mode": "enforcing",
            "policyvers": 33,
            "status": "enabled",
            "type": "targeted"
        },
        "ansible_selinux_python_present": true,
        "ansible_service_mgr": "systemd",
        "ansible_ssh_host_key_ecdsa_public": "AAAAE2VjZHNhLXNoYTItbmlzdHAyNTYAAAAIbmlzdHAyNTYAAABBBIWAQHo/wzDyeI+w9suz9O1DcNCVnlTVNtGbi0H044gW0HnR1AHZPUlprVxTSAmLhN+zO1mfdlXSnOGIiEuA16k=",
        "ansible_ssh_host_key_ecdsa_public_keytype": "ecdsa-sha2-nistp256",
        "ansible_ssh_host_key_ed25519_public": "AAAAC3NzaC1lZDI1NTE5AAAAIBY44Q0e4k6Zx6U26gK/aI1Fc0/8cGluKW6UocsXZpjC",
        "ansible_ssh_host_key_ed25519_public_keytype": "ssh-ed25519",
        "ansible_ssh_host_key_rsa_public": "AAAAB3NzaC1yc2EAAAADAQABAAABgQCSMtsDys4WTN8B31GUym+oPvE6kAX7xEqk7JZXVK7y6lzxWQPpwIs4JWCdkXmyzdL0Hg4SdrFH9V51SLCF3aeMREGgvCw3eLJu9KjoHJLX4rYgTHIRJ4+8yAtm/vAbyIRGVo5za0OwQE2GhxM8rVpGYJEAZyngfNBbPLu1MNk2aXdd6xV0zUrirEES3rxLOCsikfvx2zepoQFz1Yqll3L1wVjQdxRrlnPvugvC7NkmTWqG2BPsuohya4elhYJ1/S4UEYUlTKbowdeAX1hyX7BDTi9W8uEAPsehwMbhEZjLXF9mtFlFnPp3AKKh+TNxQVWrGhpjgXYIoEsPklGVyhusjljZrQyL1/vOrFlbR9CwLM6JXPJHOT9fhH/ByVeJ088LwBCAQDZANWB4ddMRZ7WLVBLQLtQ4dNaAjLyAMqKoKgiupXXmXTaCAJKdYRjURtP9tVd0cJVOOhMYiYlG0dn0hi5YEH7ostaojj7qUrLs8M7GRg3SWvQLuOBbvL0aZak=",
        "ansible_ssh_host_key_rsa_public_keytype": "ssh-rsa",
        "ansible_swapfree_mb": 4095,
        "ansible_swaptotal_mb": 4095,
        "ansible_system": "Linux",
        "ansible_system_capabilities": [],
        "ansible_system_capabilities_enforced": "False",
        "ansible_system_vendor": "Supermicro",
        "ansible_systemd": {
            "features": "+PAM +AUDIT +SELINUX -APPARMOR +IMA +SMACK +SECCOMP +GCRYPT +GNUTLS +OPENSSL +ACL +BLKID +CURL +ELFUTILS +FIDO2 +IDN2 -IDN -IPTC +KMOD +LIBCRYPTSETUP +LIBFDISK +PCRE2 -PWQUALITY +P11KIT -QRENCODE +TPM2 +BZIP2 +LZ4 +XZ +ZLIB +ZSTD -BPF_FRAMEWORK +XKBCOMMON +UTMP +SYSVINIT default-hierarchy=unified",
            "version": 252
        },
        "ansible_uptime_seconds": 2494444,
        "ansible_user_dir": "/root",
        "ansible_user_gecos": "root",
        "ansible_user_gid": 0,
        "ansible_user_id": "root",
        "ansible_user_shell": "/bin/bash",
        "ansible_user_uid": 0,
        "ansible_userspace_architecture": "x86_64",
        "ansible_userspace_bits": "64",
        "ansible_virtualization_role": "host",
        "ansible_virtualization_tech_guest": [],
        "ansible_virtualization_tech_host": [
            "kvm"
        ],
        "ansible_virtualization_type": "kvm",
        "discovered_interpreter_python": "/usr/bin/python3.9",
        "gather_subset": [
            "all"
        ],
        "module_setup": true
    },
    "changed": false
}
2026-08-26 12:40:48,795 p=5783 u=ansible n=ansible INFO|   hosts (1):
2026-08-26 12:40:48,796 p=5783 u=ansible n=ansible INFO|     192.168.100.10
2026-08-26 12:41:14,663 p=5800 u=ansible n=ansible WARNING| [WARNING]: Host '192.168.100.10' is using the discovered Python interpreter at '/usr/bin/python3.9', but future installation of another Python interpreter could cause a different interpreter to be discovered. See https://docs.ansible.com/ansible-core/2.20/reference_appendices/interpreter_discovery.html for more information.

2026-08-26 12:41:14,674 p=5800 u=ansible n=ansible INFO| 192.168.100.10 | SUCCESS => {
    "ansible_facts": {
        "ansible_all_ipv4_addresses": [
            "192.168.100.10"
        ],
        "ansible_all_ipv6_addresses": [
            "fe80::e62a:4cd:2dc1:7599"
        ],
        "ansible_apparmor": {
            "status": "disabled"
        },
        "ansible_architecture": "x86_64",
        "ansible_bios_date": "09/22/2025",
        "ansible_bios_vendor": "American Megatrends Inc.",
        "ansible_bios_version": "3.5",
        "ansible_board_asset_tag": "To be filled by O.E.M.",
        "ansible_board_name": "H12DSU-iN",
        "ansible_board_serial": "UM20CS602065",
        "ansible_board_vendor": "Supermicro",
        "ansible_board_version": "1.01",
        "ansible_br20": {
            "active": true,
            "device": "br20",
            "features": {
                "esp_hw_offload": "off [fixed]",
                "esp_tx_csum_hw_offload": "off [fixed]",
                "generic_receive_offload": "on",
                "generic_segmentation_offload": "on",
                "highdma": "on",
                "hsr_dup_offload": "off [fixed]",
                "hsr_fwd_offload": "off [fixed]",
                "hsr_tag_ins_offload": "off [fixed]",
                "hsr_tag_rm_offload": "off [fixed]",
                "hw_tc_offload": "off [fixed]",
                "l2_fwd_offload": "off [fixed]",
                "large_receive_offload": "off [fixed]",
                "loopback": "off [fixed]",
                "macsec_hw_offload": "off [fixed]",
                "ntuple_filters": "off [fixed]",
                "receive_hashing": "off [fixed]",
                "rx_all": "off [fixed]",
                "rx_checksumming": "off [fixed]",
                "rx_fcs": "off [fixed]",
                "rx_gro_hw": "off [fixed]",
                "rx_gro_list": "off",
                "rx_udp_gro_forwarding": "off",
                "rx_udp_tunnel_port_offload": "off [fixed]",
                "rx_vlan_filter": "off [fixed]",
                "rx_vlan_offload": "off [fixed]",
                "rx_vlan_stag_filter": "off [fixed]",
                "rx_vlan_stag_hw_parse": "off [fixed]",
                "scatter_gather": "on",
                "tcp_segmentation_offload": "on",
                "tls_hw_record": "off [fixed]",
                "tls_hw_rx_offload": "off [fixed]",
                "tls_hw_tx_offload": "off [fixed]",
                "tx_checksum_fcoe_crc": "off [fixed]",
                "tx_checksum_ip_generic": "on",
                "tx_checksum_ipv4": "off [fixed]",
                "tx_checksum_ipv6": "off [fixed]",
                "tx_checksum_sctp": "off [fixed]",
                "tx_checksumming": "on",
                "tx_esp_segmentation": "on",
                "tx_fcoe_segmentation": "off [requested on]",
                "tx_gre_csum_segmentation": "on",
                "tx_gre_segmentation": "on",
                "tx_gso_list": "off [requested on]",
                "tx_gso_partial": "on",
                "tx_gso_robust": "off [requested on]",
                "tx_ipxip4_segmentation": "on",
                "tx_ipxip6_segmentation": "on",
                "tx_nocache_copy": "off",
                "tx_scatter_gather": "on",
                "tx_scatter_gather_fraglist": "off [requested on]",
                "tx_sctp_segmentation": "off [requested on]",
                "tx_tcp6_segmentation": "on",
                "tx_tcp_ecn_segmentation": "on",
                "tx_tcp_mangleid_segmentation": "on",
                "tx_tcp_segmentation": "on",
                "tx_tunnel_remcsum_segmentation": "on",
                "tx_udp_segmentation": "on",
                "tx_udp_tnl_csum_segmentation": "on",
                "tx_udp_tnl_segmentation": "on",
                "tx_vlan_offload": "on",
                "tx_vlan_stag_hw_insert": "on",
                "vlan_challenged": "off [fixed]"
            },
            "hw_timestamp_filters": [],
            "id": "8000.3cecef5d4801",
            "interfaces": [
                "enp68s0f1"
            ],
            "ipv4": {
                "address": "192.168.100.10",
                "broadcast": "192.168.100.255",
                "netmask": "255.255.255.0",
                "network": "192.168.100.0",
                "prefix": "24"
            },
            "ipv6": [
                {
                    "address": "fe80::e62a:4cd:2dc1:7599",
                    "prefix": "64",
                    "scope": "link"
                }
            ],
            "macaddress": "3c:ec:ef:5d:48:01",
            "mtu": 1500,
            "promisc": false,
            "speed": 1000,
            "stp": true,
            "timestamping": [],
            "type": "bridge"
        },
        "ansible_chassis_asset_tag": "To be filled by O.E.M.",
        "ansible_chassis_serial": "C829UAK09P20269",
        "ansible_chassis_vendor": "Supermicro",
        "ansible_chassis_version": "0123456789",
        "ansible_cmdline": {
            "BOOT_IMAGE": "(hd1,gpt2)/vmlinuz-5.14.0-611.11.1.el9_7.x86_64",
            "crashkernel": "1G-2G:192M,2G-64G:256M,64G-:512M",
            "quiet": true,
            "rd.lvm.lv": "rhel/swap",
            "resume": "/dev/mapper/rhel-swap",
            "rhgb": true,
            "ro": true,
            "root": "/dev/mapper/rhel-root"
        },
        "ansible_date_time": {
            "date": "2026-08-26",
            "day": "26",
            "epoch": "1787719272",
            "epoch_int": "1787719272",
            "hour": "12",
            "iso8601": "2026-08-26T04:41:12Z",
            "iso8601_basic": "20260826T124112255569",
            "iso8601_basic_short": "20260826T124112",
            "iso8601_micro": "2026-08-26T04:41:12.255569Z",
            "minute": "41",
            "month": "08",
            "second": "12",
            "time": "12:41:12",
            "tz": "CST",
            "tz_dst": "CST",
            "tz_offset": "+0800",
            "weekday": "Wednesday",
            "weekday_number": "3",
            "weeknumber": "34",
            "year": "2026"
        },
        "ansible_default_ipv4": {
            "address": "192.168.100.10",
            "alias": "br20",
            "broadcast": "192.168.100.255",
            "gateway": "192.168.100.1",
            "interface": "br20",
            "macaddress": "3c:ec:ef:5d:48:01",
            "mtu": 1500,
            "netmask": "255.255.255.0",
            "network": "192.168.100.0",
            "prefix": "24",
            "type": "bridge"
        },
        "ansible_default_ipv6": {},
        "ansible_device_links": {
            "ids": {
                "dm-0": [
                    "dm-name-rhel-root",
                    "dm-uuid-LVM-DOD9ROtkXXpDmFwLWj24wFgFgldsS2K9Ofw04jefZaM7OV4oF9KcVpuafbKwcAwa"
                ],
                "dm-1": [
                    "dm-name-rhel-swap",
                    "dm-uuid-LVM-DOD9ROtkXXpDmFwLWj24wFgFgldsS2K9bMf7b5RbwkXlm1dWY48afyw70iqa5B6s"
                ],
                "dm-2": [
                    "dm-name-rhel-home",
                    "dm-uuid-LVM-DOD9ROtkXXpDmFwLWj24wFgFgldsS2K9Blrx53kD54ZOssIXvYxBNM1ejwUr1U8M"
                ],
                "sda": [
                    "ata-INTEL_SSDSC2KG480G8_PHYG04010003480BGN",
                    "scsi-0ATA_INTEL_SSDSC2KG48_PHYG04010003480BGN",
                    "scsi-1ATA_INTEL_SSDSC2KG480G8_PHYG04010003480BGN",
                    "scsi-355cd2e41530aa3d0",
                    "scsi-SATA_INTEL_SSDSC2KG48_PHYG04010003480BGN",
                    "wwn-0x55cd2e41530aa3d0"
                ],
                "sda1": [
                    "ata-INTEL_SSDSC2KG480G8_PHYG04010003480BGN-part1",
                    "scsi-0ATA_INTEL_SSDSC2KG48_PHYG04010003480BGN-part1",
                    "scsi-1ATA_INTEL_SSDSC2KG480G8_PHYG04010003480BGN-part1",
                    "scsi-355cd2e41530aa3d0-part1",
                    "scsi-SATA_INTEL_SSDSC2KG48_PHYG04010003480BGN-part1",
                    "wwn-0x55cd2e41530aa3d0-part1"
                ],
                "sda2": [
                    "ata-INTEL_SSDSC2KG480G8_PHYG04010003480BGN-part2",
                    "scsi-0ATA_INTEL_SSDSC2KG48_PHYG04010003480BGN-part2",
                    "scsi-1ATA_INTEL_SSDSC2KG480G8_PHYG04010003480BGN-part2",
                    "scsi-355cd2e41530aa3d0-part2",
                    "scsi-SATA_INTEL_SSDSC2KG48_PHYG04010003480BGN-part2",
                    "wwn-0x55cd2e41530aa3d0-part2"
                ],
                "sda3": [
                    "ata-INTEL_SSDSC2KG480G8_PHYG04010003480BGN-part3",
                    "lvm-pv-uuid-hiMFhC-HnTM-eEM3-PhCG-DP8c-bDIK-oqsD1t",
                    "scsi-0ATA_INTEL_SSDSC2KG48_PHYG04010003480BGN-part3",
                    "scsi-1ATA_INTEL_SSDSC2KG480G8_PHYG04010003480BGN-part3",
                    "scsi-355cd2e41530aa3d0-part3",
                    "scsi-SATA_INTEL_SSDSC2KG48_PHYG04010003480BGN-part3",
                    "wwn-0x55cd2e41530aa3d0-part3"
                ],
                "sdb": [
                    "ata-INTEL_SSDSC2KG480G8_PHYG040201FS480BGN",
                    "scsi-0ATA_INTEL_SSDSC2KG48_PHYG040201FS480BGN",
                    "scsi-1ATA_INTEL_SSDSC2KG480G8_PHYG040201FS480BGN",
                    "scsi-355cd2e41530ad0b2",
                    "scsi-SATA_INTEL_SSDSC2KG48_PHYG040201FS480BGN",
                    "wwn-0x55cd2e41530ad0b2"
                ]
            },
            "labels": {},
            "masters": {
                "sda3": [
                    "dm-0",
                    "dm-1",
                    "dm-2"
                ]
            },
            "uuids": {
                "dm-0": [
                    "dc16af16-a05e-4710-9e69-44c5578e3bf4"
                ],
                "dm-1": [
                    "b2162a23-d394-4d5b-a13f-54db7d7ec1a4"
                ],
                "dm-2": [
                    "eee7f419-c424-42e8-887b-c364ea88a15f"
                ],
                "sda1": [
                    "408B-F4F2"
                ],
                "sda2": [
                    "b3a25f30-9881-4d8b-a4ae-4f390dac7ae7"
                ]
            }
        },
        "ansible_devices": {
            "dm-0": {
                "holders": [],
                "host": "",
                "links": {
                    "ids": [
                        "dm-name-rhel-root",
                        "dm-uuid-LVM-DOD9ROtkXXpDmFwLWj24wFgFgldsS2K9Ofw04jefZaM7OV4oF9KcVpuafbKwcAwa"
                    ],
                    "labels": [],
                    "masters": [],
                    "uuids": [
                        "dc16af16-a05e-4710-9e69-44c5578e3bf4"
                    ]
                },
                "model": null,
                "partitions": {},
                "removable": "0",
                "rotational": "0",
                "sas_address": null,
                "sas_device_handle": null,
                "scheduler_mode": "",
                "sectors": 146800640,
                "sectorsize": "512",
                "serial": "PHYG04010003480BGN",
                "size": "70.00 GB",
                "support_discard": "4096",
                "vendor": null,
                "virtual": 1
            },
            "dm-1": {
                "holders": [],
                "host": "",
                "links": {
                    "ids": [
                        "dm-name-rhel-swap",
                        "dm-uuid-LVM-DOD9ROtkXXpDmFwLWj24wFgFgldsS2K9bMf7b5RbwkXlm1dWY48afyw70iqa5B6s"
                    ],
                    "labels": [],
                    "masters": [],
                    "uuids": [
                        "b2162a23-d394-4d5b-a13f-54db7d7ec1a4"
                    ]
                },
                "model": null,
                "partitions": {},
                "removable": "0",
                "rotational": "0",
                "sas_address": null,
                "sas_device_handle": null,
                "scheduler_mode": "",
                "sectors": 8388608,
                "sectorsize": "512",
                "serial": "PHYG04010003480BGN",
                "size": "4.00 GB",
                "support_discard": "4096",
                "vendor": null,
                "virtual": 1
            },
            "dm-2": {
                "holders": [],
                "host": "",
                "links": {
                    "ids": [
                        "dm-name-rhel-home",
                        "dm-uuid-LVM-DOD9ROtkXXpDmFwLWj24wFgFgldsS2K9Blrx53kD54ZOssIXvYxBNM1ejwUr1U8M"
                    ],
                    "labels": [],
                    "masters": [],
                    "uuids": [
                        "eee7f419-c424-42e8-887b-c364ea88a15f"
                    ]
                },
                "model": null,
                "partitions": {},
                "removable": "0",
                "rotational": "0",
                "sas_address": null,
                "sas_device_handle": null,
                "scheduler_mode": "",
                "sectors": 779182080,
                "sectorsize": "512",
                "serial": "PHYG04010003480BGN",
                "size": "371.54 GB",
                "support_discard": "4096",
                "vendor": null,
                "virtual": 1
            },
            "sda": {
                "holders": [],
                "host": "SATA controller: Advanced Micro Devices, Inc. [AMD] FCH SATA Controller [AHCI mode] (rev 51)",
                "links": {
                    "ids": [
                        "ata-INTEL_SSDSC2KG480G8_PHYG04010003480BGN",
                        "scsi-0ATA_INTEL_SSDSC2KG48_PHYG04010003480BGN",
                        "scsi-1ATA_INTEL_SSDSC2KG480G8_PHYG04010003480BGN",
                        "scsi-355cd2e41530aa3d0",
                        "scsi-SATA_INTEL_SSDSC2KG48_PHYG04010003480BGN",
                        "wwn-0x55cd2e41530aa3d0"
                    ],
                    "labels": [],
                    "masters": [],
                    "uuids": []
                },
                "model": "INTEL SSDSC2KG48",
                "partitions": {
                    "sda1": {
                        "holders": [],
                        "links": {
                            "ids": [
                                "ata-INTEL_SSDSC2KG480G8_PHYG04010003480BGN-part1",
                                "scsi-0ATA_INTEL_SSDSC2KG48_PHYG04010003480BGN-part1",
                                "scsi-1ATA_INTEL_SSDSC2KG480G8_PHYG04010003480BGN-part1",
                                "scsi-355cd2e41530aa3d0-part1",
                                "scsi-SATA_INTEL_SSDSC2KG48_PHYG04010003480BGN-part1",
                                "wwn-0x55cd2e41530aa3d0-part1"
                            ],
                            "labels": [],
                            "masters": [],
                            "uuids": [
                                "408B-F4F2"
                            ]
                        },
                        "sectors": 1228800,
                        "sectorsize": 512,
                        "size": "600.00 MB",
                        "start": "2048",
                        "uuid": "408B-F4F2"
                    },
                    "sda2": {
                        "holders": [],
                        "links": {
                            "ids": [
                                "ata-INTEL_SSDSC2KG480G8_PHYG04010003480BGN-part2",
                                "scsi-0ATA_INTEL_SSDSC2KG48_PHYG04010003480BGN-part2",
                                "scsi-1ATA_INTEL_SSDSC2KG480G8_PHYG04010003480BGN-part2",
                                "scsi-355cd2e41530aa3d0-part2",
                                "scsi-SATA_INTEL_SSDSC2KG48_PHYG04010003480BGN-part2",
                                "wwn-0x55cd2e41530aa3d0-part2"
                            ],
                            "labels": [],
                            "masters": [],
                            "uuids": [
                                "b3a25f30-9881-4d8b-a4ae-4f390dac7ae7"
                            ]
                        },
                        "sectors": 2097152,
                        "sectorsize": 512,
                        "size": "1.00 GB",
                        "start": "1230848",
                        "uuid": "b3a25f30-9881-4d8b-a4ae-4f390dac7ae7"
                    },
                    "sda3": {
                        "holders": [
                            "rhel-swap",
                            "rhel-home",
                            "rhel-root"
                        ],
                        "links": {
                            "ids": [
                                "ata-INTEL_SSDSC2KG480G8_PHYG04010003480BGN-part3",
                                "lvm-pv-uuid-hiMFhC-HnTM-eEM3-PhCG-DP8c-bDIK-oqsD1t",
                                "scsi-0ATA_INTEL_SSDSC2KG48_PHYG04010003480BGN-part3",
                                "scsi-1ATA_INTEL_SSDSC2KG480G8_PHYG04010003480BGN-part3",
                                "scsi-355cd2e41530aa3d0-part3",
                                "scsi-SATA_INTEL_SSDSC2KG48_PHYG04010003480BGN-part3",
                                "wwn-0x55cd2e41530aa3d0-part3"
                            ],
                            "labels": [],
                            "masters": [
                                "dm-0",
                                "dm-1",
                                "dm-2"
                            ],
                            "uuids": []
                        },
                        "sectors": 934373376,
                        "sectorsize": 512,
                        "size": "445.54 GB",
                        "start": "3328000",
                        "uuid": null
                    }
                },
                "removable": "0",
                "rotational": "0",
                "sas_address": null,
                "sas_device_handle": null,
                "scheduler_mode": "mq-deadline",
                "sectors": 937703088,
                "sectorsize": "512",
                "serial": "PHYG04010003480BGN",
                "size": "447.13 GB",
                "support_discard": "4096",
                "vendor": "ATA",
                "virtual": 1,
                "wwn": "0x55cd2e41530aa3d0"
            },
            "sdb": {
                "holders": [],
                "host": "SATA controller: Advanced Micro Devices, Inc. [AMD] FCH SATA Controller [AHCI mode] (rev 51)",
                "links": {
                    "ids": [
                        "ata-INTEL_SSDSC2KG480G8_PHYG040201FS480BGN",
                        "scsi-0ATA_INTEL_SSDSC2KG48_PHYG040201FS480BGN",
                        "scsi-1ATA_INTEL_SSDSC2KG480G8_PHYG040201FS480BGN",
                        "scsi-355cd2e41530ad0b2",
                        "scsi-SATA_INTEL_SSDSC2KG48_PHYG040201FS480BGN",
                        "wwn-0x55cd2e41530ad0b2"
                    ],
                    "labels": [],
                    "masters": [],
                    "uuids": []
                },
                "model": "INTEL SSDSC2KG48",
                "partitions": {},
                "removable": "0",
                "rotational": "0",
                "sas_address": null,
                "sas_device_handle": null,
                "scheduler_mode": "mq-deadline",
                "sectors": 937703088,
                "sectorsize": "512",
                "serial": "PHYG040201FS480BGN",
                "size": "447.13 GB",
                "support_discard": "4096",
                "vendor": "ATA",
                "virtual": 1,
                "wwn": "0x55cd2e41530ad0b2"
            }
        },
        "ansible_distribution": "RedHat",
        "ansible_distribution_file_parsed": true,
        "ansible_distribution_file_path": "/etc/redhat-release",
        "ansible_distribution_file_search_string": "Red Hat",
        "ansible_distribution_file_variety": "RedHat",
        "ansible_distribution_major_version": "9",
        "ansible_distribution_release": "Plow",
        "ansible_distribution_version": "9.8",
        "ansible_dns": {
            "nameservers": [
                "8.8.8.8"
            ]
        },
        "ansible_domain": "",
        "ansible_effective_group_id": 0,
        "ansible_effective_user_id": 0,
        "ansible_enp68s0f0": {
            "active": false,
            "device": "enp68s0f0",
            "features": {
                "esp_hw_offload": "off [fixed]",
                "esp_tx_csum_hw_offload": "off [fixed]",
                "generic_receive_offload": "on",
                "generic_segmentation_offload": "on",
                "highdma": "on",
                "hsr_dup_offload": "off [fixed]",
                "hsr_fwd_offload": "off [fixed]",
                "hsr_tag_ins_offload": "off [fixed]",
                "hsr_tag_rm_offload": "off [fixed]",
                "hw_tc_offload": "off",
                "l2_fwd_offload": "off",
                "large_receive_offload": "off [fixed]",
                "loopback": "off",
                "macsec_hw_offload": "off [fixed]",
                "ntuple_filters": "on",
                "receive_hashing": "on",
                "rx_all": "off [fixed]",
                "rx_checksumming": "on",
                "rx_fcs": "off [fixed]",
                "rx_gro_hw": "off [fixed]",
                "rx_gro_list": "off",
                "rx_udp_gro_forwarding": "off",
                "rx_udp_tunnel_port_offload": "on",
                "rx_vlan_filter": "on [fixed]",
                "rx_vlan_offload": "on",
                "rx_vlan_stag_filter": "off [fixed]",
                "rx_vlan_stag_hw_parse": "off [fixed]",
                "scatter_gather": "on",
                "tcp_segmentation_offload": "on",
                "tls_hw_record": "off [fixed]",
                "tls_hw_rx_offload": "off [fixed]",
                "tls_hw_tx_offload": "off [fixed]",
                "tx_checksum_fcoe_crc": "off [fixed]",
                "tx_checksum_ip_generic": "on",
                "tx_checksum_ipv4": "off [fixed]",
                "tx_checksum_ipv6": "off [fixed]",
                "tx_checksum_sctp": "on",
                "tx_checksumming": "on",
                "tx_esp_segmentation": "off [fixed]",
                "tx_fcoe_segmentation": "off [fixed]",
                "tx_gre_csum_segmentation": "on",
                "tx_gre_segmentation": "on",
                "tx_gso_list": "off [fixed]",
                "tx_gso_partial": "on",
                "tx_gso_robust": "off [fixed]",
                "tx_ipxip4_segmentation": "on",
                "tx_ipxip6_segmentation": "on",
                "tx_nocache_copy": "off",
                "tx_scatter_gather": "on",
                "tx_scatter_gather_fraglist": "off [fixed]",
                "tx_sctp_segmentation": "off [fixed]",
                "tx_tcp6_segmentation": "on",
                "tx_tcp_ecn_segmentation": "on",
                "tx_tcp_mangleid_segmentation": "off",
                "tx_tcp_segmentation": "on",
                "tx_tunnel_remcsum_segmentation": "off [fixed]",
                "tx_udp_segmentation": "on",
                "tx_udp_tnl_csum_segmentation": "on",
                "tx_udp_tnl_segmentation": "on",
                "tx_vlan_offload": "on",
                "tx_vlan_stag_hw_insert": "off [fixed]",
                "vlan_challenged": "off [fixed]"
            },
            "hw_timestamp_filters": [],
            "macaddress": "3c:ec:ef:5d:48:00",
            "module": "i40e",
            "mtu": 1500,
            "pciid": "0000:44:00.0",
            "promisc": false,
            "speed": -1,
            "timestamping": [],
            "type": "ether"
        },
        "ansible_enp68s0f1": {
            "active": true,
            "device": "enp68s0f1",
            "features": {
                "esp_hw_offload": "off [fixed]",
                "esp_tx_csum_hw_offload": "off [fixed]",
                "generic_receive_offload": "on",
                "generic_segmentation_offload": "on",
                "highdma": "on",
                "hsr_dup_offload": "off [fixed]",
                "hsr_fwd_offload": "off [fixed]",
                "hsr_tag_ins_offload": "off [fixed]",
                "hsr_tag_rm_offload": "off [fixed]",
                "hw_tc_offload": "off",
                "l2_fwd_offload": "off",
                "large_receive_offload": "off [fixed]",
                "loopback": "off",
                "macsec_hw_offload": "off [fixed]",
                "ntuple_filters": "on",
                "receive_hashing": "on",
                "rx_all": "off [fixed]",
                "rx_checksumming": "on",
                "rx_fcs": "off [fixed]",
                "rx_gro_hw": "off [fixed]",
                "rx_gro_list": "off",
                "rx_udp_gro_forwarding": "off",
                "rx_udp_tunnel_port_offload": "on",
                "rx_vlan_filter": "on [fixed]",
                "rx_vlan_offload": "on",
                "rx_vlan_stag_filter": "off [fixed]",
                "rx_vlan_stag_hw_parse": "off [fixed]",
                "scatter_gather": "on",
                "tcp_segmentation_offload": "on",
                "tls_hw_record": "off [fixed]",
                "tls_hw_rx_offload": "off [fixed]",
                "tls_hw_tx_offload": "off [fixed]",
                "tx_checksum_fcoe_crc": "off [fixed]",
                "tx_checksum_ip_generic": "on",
                "tx_checksum_ipv4": "off [fixed]",
                "tx_checksum_ipv6": "off [fixed]",
                "tx_checksum_sctp": "on",
                "tx_checksumming": "on",
                "tx_esp_segmentation": "off [fixed]",
                "tx_fcoe_segmentation": "off [fixed]",
                "tx_gre_csum_segmentation": "on",
                "tx_gre_segmentation": "on",
                "tx_gso_list": "off [fixed]",
                "tx_gso_partial": "on",
                "tx_gso_robust": "off [fixed]",
                "tx_ipxip4_segmentation": "on",
                "tx_ipxip6_segmentation": "on",
                "tx_nocache_copy": "off",
                "tx_scatter_gather": "on",
                "tx_scatter_gather_fraglist": "off [fixed]",
                "tx_sctp_segmentation": "off [fixed]",
                "tx_tcp6_segmentation": "on",
                "tx_tcp_ecn_segmentation": "on",
                "tx_tcp_mangleid_segmentation": "off",
                "tx_tcp_segmentation": "on",
                "tx_tunnel_remcsum_segmentation": "off [fixed]",
                "tx_udp_segmentation": "on",
                "tx_udp_tnl_csum_segmentation": "on",
                "tx_udp_tnl_segmentation": "on",
                "tx_vlan_offload": "on",
                "tx_vlan_stag_hw_insert": "off [fixed]",
                "vlan_challenged": "off [fixed]"
            },
            "hw_timestamp_filters": [],
            "macaddress": "3c:ec:ef:5d:48:01",
            "module": "i40e",
            "mtu": 1500,
            "pciid": "0000:44:00.1",
            "promisc": true,
            "speed": 1000,
            "timestamping": [],
            "type": "ether"
        },
        "ansible_env": {
            "HOME": "/root",
            "LANG": "en_US.UTF-8",
            "LOGNAME": "root",
            "LS_COLORS": "rs=0:di=01;34:ln=01;36:mh=00:pi=40;33:so=01;35:do=01;35:bd=40;33;01:cd=40;33;01:or=40;31;01:mi=01;37;41:su=37;41:sg=30;43:ca=30;41:tw=30;42:ow=34;42:st=37;44:ex=01;32:*.tar=01;31:*.tgz=01;31:*.arc=01;31:*.arj=01;31:*.taz=01;31:*.lha=01;31:*.lz4=01;31:*.lzh=01;31:*.lzma=01;31:*.tlz=01;31:*.txz=01;31:*.tzo=01;31:*.t7z=01;31:*.zip=01;31:*.z=01;31:*.dz=01;31:*.gz=01;31:*.lrz=01;31:*.lz=01;31:*.lzo=01;31:*.xz=01;31:*.zst=01;31:*.tzst=01;31:*.bz2=01;31:*.bz=01;31:*.tbz=01;31:*.tbz2=01;31:*.tz=01;31:*.deb=01;31:*.rpm=01;31:*.jar=01;31:*.war=01;31:*.ear=01;31:*.sar=01;31:*.rar=01;31:*.alz=01;31:*.ace=01;31:*.zoo=01;31:*.cpio=01;31:*.7z=01;31:*.rz=01;31:*.cab=01;31:*.wim=01;31:*.swm=01;31:*.dwm=01;31:*.esd=01;31:*.jpg=01;35:*.jpeg=01;35:*.mjpg=01;35:*.mjpeg=01;35:*.gif=01;35:*.bmp=01;35:*.pbm=01;35:*.pgm=01;35:*.ppm=01;35:*.tga=01;35:*.xbm=01;35:*.xpm=01;35:*.tif=01;35:*.tiff=01;35:*.png=01;35:*.svg=01;35:*.svgz=01;35:*.mng=01;35:*.pcx=01;35:*.mov=01;35:*.mpg=01;35:*.mpeg=01;35:*.m2v=01;35:*.mkv=01;35:*.webm=01;35:*.webp=01;35:*.ogm=01;35:*.mp4=01;35:*.m4v=01;35:*.mp4v=01;35:*.vob=01;35:*.qt=01;35:*.nuv=01;35:*.wmv=01;35:*.asf=01;35:*.rm=01;35:*.rmvb=01;35:*.flc=01;35:*.avi=01;35:*.fli=01;35:*.flv=01;35:*.gl=01;35:*.dl=01;35:*.xcf=01;35:*.xwd=01;35:*.yuv=01;35:*.cgm=01;35:*.emf=01;35:*.ogv=01;35:*.ogx=01;35:*.aac=01;36:*.au=01;36:*.flac=01;36:*.m4a=01;36:*.mid=01;36:*.midi=01;36:*.mka=01;36:*.mp3=01;36:*.mpc=01;36:*.ogg=01;36:*.ra=01;36:*.wav=01;36:*.oga=01;36:*.opus=01;36:*.spx=01;36:*.xspf=01;36:",
            "MAIL": "/var/mail/root",
            "PATH": "/sbin:/bin:/usr/sbin:/usr/bin",
            "PWD": "/home/ansible",
            "SHELL": "/bin/bash",
            "SHLVL": "0",
            "SUDO_COMMAND": "/bin/sh -c echo BECOME-SUCCESS-jweappoxymotprfghnkfmxyrjvksfiax ; /usr/bin/python3.9 /home/ansible/.ansible/tmp/ansible-tmp-1787719272.2821379-5805-90881330186821/AnsiballZ_setup.py",
            "SUDO_GID": "1001",
            "SUDO_HOME": "/home/ansible",
            "SUDO_TTY": "/dev/pts/1",
            "SUDO_UID": "1001",
            "SUDO_USER": "ansible",
            "TERM": "xterm-256color",
            "USER": "root",
            "_": "/usr/bin/python3.9"
        },
        "ansible_fibre_channel_wwn": [],
        "ansible_fips": false,
        "ansible_flags": [
            "fpu",
            "vme",
            "de",
            "pse",
            "tsc",
            "msr",
            "pae",
            "mce",
            "cx8",
            "apic",
            "sep",
            "mtrr",
            "pge",
            "mca",
            "cmov",
            "pat",
            "pse36",
            "clflush",
            "mmx",
            "fxsr",
            "sse",
            "sse2",
            "ht",
            "syscall",
            "nx",
            "mmxext",
            "fxsr_opt",
            "pdpe1gb",
            "rdtscp",
            "lm",
            "constant_tsc",
            "rep_good",
            "nopl",
            "xtopology",
            "nonstop_tsc",
            "cpuid",
            "extd_apicid",
            "aperfmperf",
            "rapl",
            "pni",
            "pclmulqdq",
            "monitor",
            "ssse3",
            "fma",
            "cx16",
            "sse4_1",
            "sse4_2",
            "movbe",
            "popcnt",
            "aes",
            "xsave",
            "avx",
            "f16c",
            "rdrand",
            "lahf_lm",
            "cmp_legacy",
            "svm",
            "extapic",
            "cr8_legacy",
            "abm",
            "sse4a",
            "misalignsse",
            "3dnowprefetch",
            "osvw",
            "ibs",
            "skinit",
            "wdt",
            "tce",
            "topoext",
            "perfctr_core",
            "perfctr_nb",
            "bpext",
            "perfctr_llc",
            "mwaitx",
            "cpb",
            "cat_l3",
            "cdp_l3",
            "hw_pstate",
            "ssbd",
            "mba",
            "ibrs",
            "ibpb",
            "stibp",
            "vmmcall",
            "fsgsbase",
            "bmi1",
            "avx2",
            "smep",
            "bmi2",
            "cqm",
            "rdt_a",
            "rdseed",
            "adx",
            "smap",
            "clflushopt",
            "clwb",
            "sha_ni",
            "xsaveopt",
            "xsavec",
            "xgetbv1",
            "xsaves",
            "cqm_llc",
            "cqm_occup_llc",
            "cqm_mbm_total",
            "cqm_mbm_local",
            "clzero",
            "irperf",
            "xsaveerptr",
            "rdpru",
            "wbnoinvd",
            "amd_ppin",
            "arat",
            "npt",
            "lbrv",
            "svm_lock",
            "nrip_save",
            "tsc_scale",
            "vmcb_clean",
            "flushbyasid",
            "decodeassists",
            "pausefilter",
            "pfthreshold",
            "avic",
            "v_vmsave_vmload",
            "vgif",
            "v_spec_ctrl",
            "umip",
            "rdpid",
            "overflow_recov",
            "succor",
            "smca",
            "sev",
            "sev_es"
        ],
        "ansible_form_factor": "Other",
        "ansible_fqdn": "33KW",
        "ansible_hostname": "33KW",
        "ansible_hostnqn": "nqn.2014-08.org.nvmexpress:uuid:48bb5000-54d3-11eb-8000-3cecef5d4800",
        "ansible_interfaces": [
            "lo",
            "enp68s0f1",
            "br20",
            "enp68s0f0"
        ],
        "ansible_is_chroot": false,
        "ansible_iscsi_iqn": "iqn.1994-05.com.redhat:a1ae1f1bc76",
        "ansible_kernel": "5.14.0-611.11.1.el9_7.x86_64",
        "ansible_kernel_version": "#1 SMP PREEMPT_DYNAMIC Tue Nov 25 05:13:22 EST 2025",
        "ansible_lo": {
            "active": true,
            "device": "lo",
            "features": {
                "esp_hw_offload": "off [fixed]",
                "esp_tx_csum_hw_offload": "off [fixed]",
                "generic_receive_offload": "on",
                "generic_segmentation_offload": "on",
                "highdma": "on [fixed]",
                "hsr_dup_offload": "off [fixed]",
                "hsr_fwd_offload": "off [fixed]",
                "hsr_tag_ins_offload": "off [fixed]",
                "hsr_tag_rm_offload": "off [fixed]",
                "hw_tc_offload": "off [fixed]",
                "l2_fwd_offload": "off [fixed]",
                "large_receive_offload": "off [fixed]",
                "loopback": "on [fixed]",
                "macsec_hw_offload": "off [fixed]",
                "ntuple_filters": "off [fixed]",
                "receive_hashing": "off [fixed]",
                "rx_all": "off [fixed]",
                "rx_checksumming": "on [fixed]",
                "rx_fcs": "off [fixed]",
                "rx_gro_hw": "off [fixed]",
                "rx_gro_list": "off",
                "rx_udp_gro_forwarding": "off",
                "rx_udp_tunnel_port_offload": "off [fixed]",
                "rx_vlan_filter": "off [fixed]",
                "rx_vlan_offload": "off [fixed]",
                "rx_vlan_stag_filter": "off [fixed]",
                "rx_vlan_stag_hw_parse": "off [fixed]",
                "scatter_gather": "on",
                "tcp_segmentation_offload": "on",
                "tls_hw_record": "off [fixed]",
                "tls_hw_rx_offload": "off [fixed]",
                "tls_hw_tx_offload": "off [fixed]",
                "tx_checksum_fcoe_crc": "off [fixed]",
                "tx_checksum_ip_generic": "on [fixed]",
                "tx_checksum_ipv4": "off [fixed]",
                "tx_checksum_ipv6": "off [fixed]",
                "tx_checksum_sctp": "on [fixed]",
                "tx_checksumming": "on",
                "tx_esp_segmentation": "off [fixed]",
                "tx_fcoe_segmentation": "off [fixed]",
                "tx_gre_csum_segmentation": "off [fixed]",
                "tx_gre_segmentation": "off [fixed]",
                "tx_gso_list": "on",
                "tx_gso_partial": "off [fixed]",
                "tx_gso_robust": "off [fixed]",
                "tx_ipxip4_segmentation": "off [fixed]",
                "tx_ipxip6_segmentation": "off [fixed]",
                "tx_nocache_copy": "off [fixed]",
                "tx_scatter_gather": "on [fixed]",
                "tx_scatter_gather_fraglist": "on [fixed]",
                "tx_sctp_segmentation": "on",
                "tx_tcp6_segmentation": "on",
                "tx_tcp_ecn_segmentation": "on",
                "tx_tcp_mangleid_segmentation": "on",
                "tx_tcp_segmentation": "on",
                "tx_tunnel_remcsum_segmentation": "off [fixed]",
                "tx_udp_segmentation": "on",
                "tx_udp_tnl_csum_segmentation": "off [fixed]",
                "tx_udp_tnl_segmentation": "off [fixed]",
                "tx_vlan_offload": "off [fixed]",
                "tx_vlan_stag_hw_insert": "off [fixed]",
                "vlan_challenged": "on [fixed]"
            },
            "hw_timestamp_filters": [],
            "ipv4": {
                "address": "127.0.0.1",
                "broadcast": "",
                "netmask": "255.0.0.0",
                "network": "127.0.0.0",
                "prefix": "8"
            },
            "ipv6": [
                {
                    "address": "::1",
                    "prefix": "128",
                    "scope": "host"
                }
            ],
            "mtu": 65536,
            "promisc": false,
            "timestamping": [],
            "type": "loopback"
        },
        "ansible_loadavg": {
            "15m": 0.82,
            "1m": 1.1,
            "5m": 1.41
        },
        "ansible_local": {},
        "ansible_locally_reachable_ips": {
            "ipv4": [
                "127.0.0.0/8",
                "127.0.0.1",
                "192.168.100.10"
            ],
            "ipv6": [
                "::1",
                "fe80::e62a:4cd:2dc1:7599"
            ]
        },
        "ansible_lsb": {},
        "ansible_lvm": {
            "lvs": {
                "home": {
                    "size_g": "371.54",
                    "vg": "rhel"
                },
                "root": {
                    "size_g": "70.00",
                    "vg": "rhel"
                },
                "swap": {
                    "size_g": "4.00",
                    "vg": "rhel"
                }
            },
            "pvs": {
                "/dev/sda3": {
                    "free_g": "0",
                    "size_g": "445.54",
                    "vg": "rhel"
                }
            },
            "vgs": {
                "rhel": {
                    "free_g": "0",
                    "lvs": {
                        "home": {
                            "size_g": "371.54"
                        },
                        "root": {
                            "size_g": "70.00"
                        },
                        "swap": {
                            "size_g": "4.00"
                        }
                    },
                    "num_lvs": "3",
                    "num_pvs": "1",
                    "size_g": "445.54"
                }
            }
        },
        "ansible_machine": "x86_64",
        "ansible_machine_id": "4bcf872a48c04ebf919ab61b4ec25fde",
        "ansible_memfree_mb": 118886,
        "ansible_memory_mb": {
            "nocache": {
                "free": 125492,
                "used": 2745
            },
            "real": {
                "free": 118886,
                "total": 128237,
                "used": 9351
            },
            "swap": {
                "cached": 0,
                "free": 4095,
                "total": 4095,
                "used": 0
            }
        },
        "ansible_memtotal_mb": 128237,
        "ansible_mounts": [
            {
                "block_available": 11219227,
                "block_size": 4096,
                "block_total": 18341120,
                "block_used": 7121893,
                "device": "/dev/mapper/rhel-root",
                "dump": 0,
                "fstype": "xfs",
                "inode_available": 36494293,
                "inode_total": 36700160,
                "inode_used": 205867,
                "mount": "/",
                "options": "rw,seclabel,relatime,attr2,inode64,logbufs=8,logbsize=32k,noquota",
                "passno": 0,
                "size_available": 45953953792,
                "size_total": 75125227520,
                "uuid": "dc16af16-a05e-4710-9e69-44c5578e3bf4"
            },
            {
                "block_available": 135227,
                "block_size": 4096,
                "block_total": 259584,
                "block_used": 124357,
                "device": "/dev/sda2",
                "dump": 0,
                "fstype": "xfs",
                "inode_available": 524189,
                "inode_total": 524288,
                "inode_used": 99,
                "mount": "/boot",
                "options": "rw,seclabel,relatime,attr2,inode64,logbufs=8,logbsize=32k,noquota",
                "passno": 0,
                "size_available": 553889792,
                "size_total": 1063256064,
                "uuid": "b3a25f30-9881-4d8b-a4ae-4f390dac7ae7"
            },
            {
                "block_available": 96597875,
                "block_size": 4096,
                "block_total": 97350203,
                "block_used": 752328,
                "device": "/dev/mapper/rhel-home",
                "dump": 0,
                "fstype": "xfs",
                "inode_available": 194781335,
                "inode_total": 194795520,
                "inode_used": 14185,
                "mount": "/home",
                "options": "rw,seclabel,relatime,attr2,inode64,logbufs=8,logbsize=32k,noquota",
                "passno": 0,
                "size_available": 395664896000,
                "size_total": 398746431488,
                "uuid": "eee7f419-c424-42e8-887b-c364ea88a15f"
            },
            {
                "block_available": 151335,
                "block_size": 4096,
                "block_total": 153290,
                "block_used": 1955,
                "device": "/dev/sda1",
                "dump": 0,
                "fstype": "vfat",
                "inode_available": 0,
                "inode_total": 0,
                "inode_used": 0,
                "mount": "/boot/efi",
                "options": "rw,relatime,fmask=0077,dmask=0077,codepage=437,iocharset=ascii,shortname=winnt,errors=remount-ro",
                "passno": 0,
                "size_available": 619868160,
                "size_total": 627875840,
                "uuid": "408B-F4F2"
            }
        ],
        "ansible_nodename": "33KW",
        "ansible_os_family": "RedHat",
        "ansible_pkg_mgr": "dnf",
        "ansible_proc_cmdline": {
            "BOOT_IMAGE": "(hd1,gpt2)/vmlinuz-5.14.0-611.11.1.el9_7.x86_64",
            "crashkernel": "1G-2G:192M,2G-64G:256M,64G-:512M",
            "quiet": true,
            "rd.lvm.lv": [
                "rhel/root",
                "rhel/swap"
            ],
            "resume": "/dev/mapper/rhel-swap",
            "rhgb": true,
            "ro": true,
            "root": "/dev/mapper/rhel-root"
        },
        "ansible_processor": [
            "0",
            "AuthenticAMD",
            "AMD EPYC 7302 16-Core Processor",
            "1",
            "AuthenticAMD",
            "AMD EPYC 7302 16-Core Processor",
            "2",
            "AuthenticAMD",
            "AMD EPYC 7302 16-Core Processor",
            "3",
            "AuthenticAMD",
            "AMD EPYC 7302 16-Core Processor",
            "4",
            "AuthenticAMD",
            "AMD EPYC 7302 16-Core Processor",
            "5",
            "AuthenticAMD",
            "AMD EPYC 7302 16-Core Processor",
            "6",
            "AuthenticAMD",
            "AMD EPYC 7302 16-Core Processor",
            "7",
            "AuthenticAMD",
            "AMD EPYC 7302 16-Core Processor",
            "8",
            "AuthenticAMD",
            "AMD EPYC 7302 16-Core Processor",
            "9",
            "AuthenticAMD",
            "AMD EPYC 7302 16-Core Processor",
            "10",
            "AuthenticAMD",
            "AMD EPYC 7302 16-Core Processor",
            "11",
            "AuthenticAMD",
            "AMD EPYC 7302 16-Core Processor",
            "12",
            "AuthenticAMD",
            "AMD EPYC 7302 16-Core Processor",
            "13",
            "AuthenticAMD",
            "AMD EPYC 7302 16-Core Processor",
            "14",
            "AuthenticAMD",
            "AMD EPYC 7302 16-Core Processor",
            "15",
            "AuthenticAMD",
            "AMD EPYC 7302 16-Core Processor",
            "16",
            "AuthenticAMD",
            "AMD EPYC 7302 16-Core Processor",
            "17",
            "AuthenticAMD",
            "AMD EPYC 7302 16-Core Processor",
            "18",
            "AuthenticAMD",
            "AMD EPYC 7302 16-Core Processor",
            "19",
            "AuthenticAMD",
            "AMD EPYC 7302 16-Core Processor",
            "20",
            "AuthenticAMD",
            "AMD EPYC 7302 16-Core Processor",
            "21",
            "AuthenticAMD",
            "AMD EPYC 7302 16-Core Processor",
            "22",
            "AuthenticAMD",
            "AMD EPYC 7302 16-Core Processor",
            "23",
            "AuthenticAMD",
            "AMD EPYC 7302 16-Core Processor",
            "24",
            "AuthenticAMD",
            "AMD EPYC 7302 16-Core Processor",
            "25",
            "AuthenticAMD",
            "AMD EPYC 7302 16-Core Processor",
            "26",
            "AuthenticAMD",
            "AMD EPYC 7302 16-Core Processor",
            "27",
            "AuthenticAMD",
            "AMD EPYC 7302 16-Core Processor",
            "28",
            "AuthenticAMD",
            "AMD EPYC 7302 16-Core Processor",
            "29",
            "AuthenticAMD",
            "AMD EPYC 7302 16-Core Processor",
            "30",
            "AuthenticAMD",
            "AMD EPYC 7302 16-Core Processor",
            "31",
            "AuthenticAMD",
            "AMD EPYC 7302 16-Core Processor",
            "32",
            "AuthenticAMD",
            "AMD EPYC 7302 16-Core Processor",
            "33",
            "AuthenticAMD",
            "AMD EPYC 7302 16-Core Processor",
            "34",
            "AuthenticAMD",
            "AMD EPYC 7302 16-Core Processor",
            "35",
            "AuthenticAMD",
            "AMD EPYC 7302 16-Core Processor",
            "36",
            "AuthenticAMD",
            "AMD EPYC 7302 16-Core Processor",
            "37",
            "AuthenticAMD",
            "AMD EPYC 7302 16-Core Processor",
            "38",
            "AuthenticAMD",
            "AMD EPYC 7302 16-Core Processor",
            "39",
            "AuthenticAMD",
            "AMD EPYC 7302 16-Core Processor",
            "40",
            "AuthenticAMD",
            "AMD EPYC 7302 16-Core Processor",
            "41",
            "AuthenticAMD",
            "AMD EPYC 7302 16-Core Processor",
            "42",
            "AuthenticAMD",
            "AMD EPYC 7302 16-Core Processor",
            "43",
            "AuthenticAMD",
            "AMD EPYC 7302 16-Core Processor",
            "44",
            "AuthenticAMD",
            "AMD EPYC 7302 16-Core Processor",
            "45",
            "AuthenticAMD",
            "AMD EPYC 7302 16-Core Processor",
            "46",
            "AuthenticAMD",
            "AMD EPYC 7302 16-Core Processor",
            "47",
            "AuthenticAMD",
            "AMD EPYC 7302 16-Core Processor",
            "48",
            "AuthenticAMD",
            "AMD EPYC 7302 16-Core Processor",
            "49",
            "AuthenticAMD",
            "AMD EPYC 7302 16-Core Processor",
            "50",
            "AuthenticAMD",
            "AMD EPYC 7302 16-Core Processor",
            "51",
            "AuthenticAMD",
            "AMD EPYC 7302 16-Core Processor",
            "52",
            "AuthenticAMD",
            "AMD EPYC 7302 16-Core Processor",
            "53",
            "AuthenticAMD",
            "AMD EPYC 7302 16-Core Processor",
            "54",
            "AuthenticAMD",
            "AMD EPYC 7302 16-Core Processor",
            "55",
            "AuthenticAMD",
            "AMD EPYC 7302 16-Core Processor",
            "56",
            "AuthenticAMD",
            "AMD EPYC 7302 16-Core Processor",
            "57",
            "AuthenticAMD",
            "AMD EPYC 7302 16-Core Processor",
            "58",
            "AuthenticAMD",
            "AMD EPYC 7302 16-Core Processor",
            "59",
            "AuthenticAMD",
            "AMD EPYC 7302 16-Core Processor",
            "60",
            "AuthenticAMD",
            "AMD EPYC 7302 16-Core Processor",
            "61",
            "AuthenticAMD",
            "AMD EPYC 7302 16-Core Processor",
            "62",
            "AuthenticAMD",
            "AMD EPYC 7302 16-Core Processor",
            "63",
            "AuthenticAMD",
            "AMD EPYC 7302 16-Core Processor"
        ],
        "ansible_processor_cores": 16,
        "ansible_processor_count": 2,
        "ansible_processor_nproc": 64,
        "ansible_processor_threads_per_core": 2,
        "ansible_processor_vcpus": 64,
        "ansible_product_name": "AS -2024US-TRT",
        "ansible_product_serial": "A412679X1306719",
        "ansible_product_uuid": "48bb5000-54d3-11eb-8000-3cecef5d4800",
        "ansible_product_version": "0123456789",
        "ansible_python": {
            "executable": "/usr/bin/python3.9",
            "has_sslcontext": true,
            "type": "cpython",
            "version": {
                "major": 3,
                "micro": 25,
                "minor": 9,
                "releaselevel": "final",
                "serial": 0
            },
            "version_info": [
                3,
                9,
                25,
                "final",
                0
            ]
        },
        "ansible_python_version": "3.9.25",
        "ansible_real_group_id": 0,
        "ansible_real_user_id": 0,
        "ansible_selinux": {
            "config_mode": "enforcing",
            "mode": "enforcing",
            "policyvers": 33,
            "status": "enabled",
            "type": "targeted"
        },
        "ansible_selinux_python_present": true,
        "ansible_service_mgr": "systemd",
        "ansible_ssh_host_key_ecdsa_public": "AAAAE2VjZHNhLXNoYTItbmlzdHAyNTYAAAAIbmlzdHAyNTYAAABBBIWAQHo/wzDyeI+w9suz9O1DcNCVnlTVNtGbi0H044gW0HnR1AHZPUlprVxTSAmLhN+zO1mfdlXSnOGIiEuA16k=",
        "ansible_ssh_host_key_ecdsa_public_keytype": "ecdsa-sha2-nistp256",
        "ansible_ssh_host_key_ed25519_public": "AAAAC3NzaC1lZDI1NTE5AAAAIBY44Q0e4k6Zx6U26gK/aI1Fc0/8cGluKW6UocsXZpjC",
        "ansible_ssh_host_key_ed25519_public_keytype": "ssh-ed25519",
        "ansible_ssh_host_key_rsa_public": "AAAAB3NzaC1yc2EAAAADAQABAAABgQCSMtsDys4WTN8B31GUym+oPvE6kAX7xEqk7JZXVK7y6lzxWQPpwIs4JWCdkXmyzdL0Hg4SdrFH9V51SLCF3aeMREGgvCw3eLJu9KjoHJLX4rYgTHIRJ4+8yAtm/vAbyIRGVo5za0OwQE2GhxM8rVpGYJEAZyngfNBbPLu1MNk2aXdd6xV0zUrirEES3rxLOCsikfvx2zepoQFz1Yqll3L1wVjQdxRrlnPvugvC7NkmTWqG2BPsuohya4elhYJ1/S4UEYUlTKbowdeAX1hyX7BDTi9W8uEAPsehwMbhEZjLXF9mtFlFnPp3AKKh+TNxQVWrGhpjgXYIoEsPklGVyhusjljZrQyL1/vOrFlbR9CwLM6JXPJHOT9fhH/ByVeJ088LwBCAQDZANWB4ddMRZ7WLVBLQLtQ4dNaAjLyAMqKoKgiupXXmXTaCAJKdYRjURtP9tVd0cJVOOhMYiYlG0dn0hi5YEH7ostaojj7qUrLs8M7GRg3SWvQLuOBbvL0aZak=",
        "ansible_ssh_host_key_rsa_public_keytype": "ssh-rsa",
        "ansible_swapfree_mb": 4095,
        "ansible_swaptotal_mb": 4095,
        "ansible_system": "Linux",
        "ansible_system_capabilities": [],
        "ansible_system_capabilities_enforced": "False",
        "ansible_system_vendor": "Supermicro",
        "ansible_systemd": {
            "features": "+PAM +AUDIT +SELINUX -APPARMOR +IMA +SMACK +SECCOMP +GCRYPT +GNUTLS +OPENSSL +ACL +BLKID +CURL +ELFUTILS +FIDO2 +IDN2 -IDN -IPTC +KMOD +LIBCRYPTSETUP +LIBFDISK +PCRE2 -PWQUALITY +P11KIT -QRENCODE +TPM2 +BZIP2 +LZ4 +XZ +ZLIB +ZSTD -BPF_FRAMEWORK +XKBCOMMON +UTMP +SYSVINIT default-hierarchy=unified",
            "version": 252
        },
        "ansible_uptime_seconds": 2494492,
        "ansible_user_dir": "/root",
        "ansible_user_gecos": "root",
        "ansible_user_gid": 0,
        "ansible_user_id": "root",
        "ansible_user_shell": "/bin/bash",
        "ansible_user_uid": 0,
        "ansible_userspace_architecture": "x86_64",
        "ansible_userspace_bits": "64",
        "ansible_virtualization_role": "host",
        "ansible_virtualization_tech_guest": [],
        "ansible_virtualization_tech_host": [
            "kvm"
        ],
        "ansible_virtualization_type": "kvm",
        "discovered_interpreter_python": "/usr/bin/python3.9",
        "gather_subset": [
            "all"
        ],
        "module_setup": true
    },
    "changed": false
}
2026-08-26 12:54:13,014 p=5957 u=ansible n=ansible WARNING| [WARNING]: Host '192.168.100.10' is using the discovered Python interpreter at '/usr/bin/python3.14', but future installation of another Python interpreter could cause a different interpreter to be discovered. See https://docs.ansible.com/ansible-core/2.20/reference_appendices/interpreter_discovery.html for more information.

2026-08-26 12:54:13,015 p=5957 u=ansible n=ansible INFO| 192.168.100.10 | SUCCESS => {
    "ansible_facts": {
        "discovered_interpreter_python": "/usr/bin/python3.14"
    },
    "changed": false,
    "ping": "pong"
}
2026-08-26 12:55:38,256 p=6009 u=ansible n=ansible WARNING| [WARNING]: Host '192.168.100.10' is using the discovered Python interpreter at '/usr/bin/python3.14', but future installation of another Python interpreter could cause a different interpreter to be discovered. See https://docs.ansible.com/ansible-core/2.20/reference_appendices/interpreter_discovery.html for more information.

2026-08-26 12:55:38,257 p=6009 u=ansible n=ansible INFO| 192.168.100.10 | SUCCESS => {
    "ansible_facts": {
        "discovered_interpreter_python": "/usr/bin/python3.14"
    },
    "changed": false,
    "ping": "pong"
}
2026-08-26 12:57:16,522 p=6060 u=ansible n=ansible WARNING| [WARNING]: Host '192.168.100.10' is using the discovered Python interpreter at '/usr/bin/python3.14', but future installation of another Python interpreter could cause a different interpreter to be discovered. See https://docs.ansible.com/ansible-core/2.20/reference_appendices/interpreter_discovery.html for more information.

2026-08-26 12:57:16,523 p=6060 u=ansible n=ansible INFO| 192.168.100.10 | SUCCESS => {
    "ansible_facts": {
        "discovered_interpreter_python": "/usr/bin/python3.14"
    },
    "changed": false,
    "ping": "pong"
}
2026-08-26 12:57:55,833 p=6098 u=ansible n=ansible INFO| 192.168.100.10 | SUCCESS => {
    "changed": false,
    "ping": "pong"
}
2026-08-27 16:53:45,855 p=489 u=ansible n=ansible INFO| 192.168.100.10 | SUCCESS => {
    "ansible_facts": {
        "pkg_mgr": "dnf"
    },
    "changed": false,
    "msg": "Cache updated",
    "rc": 0,
    "results": []
}
2026-08-27 16:55:12,856 p=525 u=ansible n=ansible INFO| 192.168.100.10 | SUCCESS => {
    "ansible_facts": {
        "pkg_mgr": "dnf"
    },
    "changed": false,
    "msg": "Cache updated",
    "rc": 0,
    "results": []
}
2026-08-27 17:03:09,273 p=603 u=ansible n=ansible ERROR| [ERROR]: Task failed: Module failed: Failed to install some of the specified packages
Origin: <adhoc 'dnf' task>

{'action': 'dnf', 'args': {'name': 'vim-nox'}, 'timeout': 0, 'async_val': 0, 'poll': 15}


2026-08-27 17:03:09,341 p=603 u=ansible n=ansible INFO| 192.168.100.10 | FAILED! => {
    "ansible_facts": {
        "pkg_mgr": "dnf"
    },
    "changed": false,
    "failures": [
        "No package vim-nox available."
    ],
    "msg": "Failed to install some of the specified packages",
    "rc": 1,
    "results": []
}
2026-08-27 17:03:26,661 p=634 u=ansible n=ansible INFO| 192.168.100.10 | SUCCESS => {
    "ansible_facts": {
        "pkg_mgr": "dnf"
    },
    "changed": false,
    "msg": "Nothing to do",
    "rc": 0,
    "results": []
}
2026-08-27 17:05:40,504 p=669 u=ansible n=ansible INFO| 192.168.100.10 | CHANGED => {
    "ansible_facts": {
        "pkg_mgr": "dnf"
    },
    "changed": true,
    "msg": "",
    "rc": 0,
    "results": [
        "Installed: tmux-3.2a-5.el9.x86_64"
    ]
}
2026-08-27 17:06:02,627 p=698 u=ansible n=ansible ERROR| [ERROR]: Task failed: Action 'ansible.builtin.dnf' does not support raw params.

Task failed.
Origin: <adhoc 'dnf' task>

{'action': 'dnf', 'args': {'_raw_params': 'history'}, 'timeout': 0, 'async_val': 0, 'poll': 15}

<<< caused by >>>

Action 'ansible.builtin.dnf' does not support raw params.
Origin: <CLI option '-m'>

dnf


2026-08-27 17:06:02,628 p=698 u=ansible n=ansible INFO| 192.168.100.10 | FAILED! => {
    "changed": false,
    "msg": "Task failed: Action 'ansible.builtin.dnf' does not support raw params."
}
2026-08-27 17:16:40,039 p=764 u=ansible n=ansible INFO| 192.168.100.10 | SUCCESS => {
    "ansible_facts": {
        "pkg_mgr": "dnf"
    },
    "changed": false,
    "msg": "Nothing to do",
    "rc": 0,
    "results": []
}
2026-08-27 17:17:36,595 p=797 u=ansible n=ansible ERROR| [ERROR]: Task failed: Module failed: Unsupported parameters for (ansible.legacy.dnf) module: upgrade. Supported parameters include: allow_downgrade, allowerasing, autoremove, best, bugfix, cacheonly, conf_file, disable_excludes, disable_gpg_check, disable_plugin, disablerepo, download_dir, download_only, enable_plugin, enablerepo, exclude, install_weak_deps, installroot, list, lock_timeout, name, nobest, releasever, security, skip_broken, sslverify, state, update_cache, update_only, use_backend, validate_certs (expire-cache, pkg).
Origin: <adhoc 'dnf' task>

{'action': 'dnf', 'args': {'upgrade': 'dist'}, 'timeout': 0, 'async_val': 0, 'poll': 15}


2026-08-27 17:17:36,596 p=797 u=ansible n=ansible INFO| 192.168.100.10 | FAILED! => {
    "ansible_facts": {
        "pkg_mgr": "dnf"
    },
    "changed": false,
    "msg": "Unsupported parameters for (ansible.legacy.dnf) module: upgrade. Supported parameters include: allow_downgrade, allowerasing, autoremove, best, bugfix, cacheonly, conf_file, disable_excludes, disable_gpg_check, disable_plugin, disablerepo, download_dir, download_only, enable_plugin, enablerepo, exclude, install_weak_deps, installroot, list, lock_timeout, name, nobest, releasever, security, skip_broken, sslverify, state, update_cache, update_only, use_backend, validate_certs (expire-cache, pkg)."
}
2026-08-27 17:18:23,569 p=825 u=ansible n=ansible ERROR| [ERROR]: Task failed: Module failed: Unsupported parameters for (ansible.legacy.dnf) module: upgrade. Supported parameters include: allow_downgrade, allowerasing, autoremove, best, bugfix, cacheonly, conf_file, disable_excludes, disable_gpg_check, disable_plugin, disablerepo, download_dir, download_only, enable_plugin, enablerepo, exclude, install_weak_deps, installroot, list, lock_timeout, name, nobest, releasever, security, skip_broken, sslverify, state, update_cache, update_only, use_backend, validate_certs (expire-cache, pkg).
Origin: <adhoc 'dnf' task>

{'action': 'dnf', 'args': {'upgrade': 'latest'}, 'timeout': 0, 'async_val': 0, 'poll': 15}


2026-08-27 17:18:23,570 p=825 u=ansible n=ansible INFO| 192.168.100.10 | FAILED! => {
    "ansible_facts": {
        "pkg_mgr": "dnf"
    },
    "changed": false,
    "msg": "Unsupported parameters for (ansible.legacy.dnf) module: upgrade. Supported parameters include: allow_downgrade, allowerasing, autoremove, best, bugfix, cacheonly, conf_file, disable_excludes, disable_gpg_check, disable_plugin, disablerepo, download_dir, download_only, enable_plugin, enablerepo, exclude, install_weak_deps, installroot, list, lock_timeout, name, nobest, releasever, security, skip_broken, sslverify, state, update_cache, update_only, use_backend, validate_certs (expire-cache, pkg)."
}
2026-08-31 16:17:08,515 p=703 u=ansible n=ansible INFO|  ____________
< PLAY [all] >
 ------------
        \   ^__^
         \  (oo)\_______
            (__)\       )\/\
                ||----w |
                ||     ||


2026-08-31 16:17:08,596 p=703 u=ansible n=ansible INFO|  ________________________
< TASK [Gathering Facts] >
 ------------------------
        \   ^__^
         \  (oo)\_______
            (__)\       )\/\
                ||----w |
                ||     ||


2026-08-31 16:17:13,074 p=703 u=ansible n=ansible INFO| ok: [192.168.100.10]
2026-08-31 16:17:13,187 p=703 u=ansible n=ansible INFO|  ______________________________
< TASK [install httpd package] >
 ------------------------------
        \   ^__^
         \  (oo)\_______
            (__)\       )\/\
                ||----w |
                ||     ||


2026-08-31 16:17:18,701 p=703 u=ansible n=ansible ERROR| [ERROR]: User interrupted execution

2026-08-31 16:17:28,984 p=744 u=ansible n=ansible INFO| 192.168.100.10 | SUCCESS => {
    "changed": false,
    "ping": "pong"
}
2026-08-31 16:18:10,485 p=798 u=ansible n=ansible INFO| 192.168.100.10 | SUCCESS => {
    "changed": false,
    "ping": "pong"
}
2026-08-31 16:18:24,097 p=833 u=ansible n=ansible INFO|  ____________
< PLAY [all] >
 ------------
        \   ^__^
         \  (oo)\_______
            (__)\       )\/\
                ||----w |
                ||     ||


2026-08-31 16:18:24,158 p=833 u=ansible n=ansible INFO|  ________________________
< TASK [Gathering Facts] >
 ------------------------
        \   ^__^
         \  (oo)\_______
            (__)\       )\/\
                ||----w |
                ||     ||


2026-08-31 16:18:31,396 p=833 u=ansible n=ansible INFO| ok: [192.168.100.10]
2026-08-31 16:18:31,454 p=833 u=ansible n=ansible INFO|  ______________________________
< TASK [install httpd package] >
 ------------------------------
        \   ^__^
         \  (oo)\_______
            (__)\       )\/\
                ||----w |
                ||     ||


2026-08-31 16:18:40,124 p=833 u=ansible n=ansible INFO| ok: [192.168.100.10]
2026-08-31 16:18:40,173 p=833 u=ansible n=ansible INFO|  ____________
< PLAY RECAP >
 ------------
        \   ^__^
         \  (oo)\_______
            (__)\       )\/\
                ||----w |
                ||     ||


2026-08-31 16:18:40,173 p=833 u=ansible n=ansible INFO| 192.168.100.10             : ok=2    changed=0    unreachable=0    failed=0    skipped=0    rescued=0    ignored=0   
2026-08-31 16:19:07,251 p=879 u=ansible n=ansible INFO|  _______________________
< PLAY [192.168.100.10] >
 -----------------------
        \   ^__^
         \  (oo)\_______
            (__)\       )\/\
                ||----w |
                ||     ||


2026-08-31 16:19:07,313 p=879 u=ansible n=ansible INFO|  ________________________
< TASK [Gathering Facts] >
 ------------------------
        \   ^__^
         \  (oo)\_______
            (__)\       )\/\
                ||----w |
                ||     ||


2026-08-31 16:19:09,712 p=879 u=ansible n=ansible INFO| ok: [192.168.100.10]
2026-08-31 16:19:09,762 p=879 u=ansible n=ansible INFO|  ______________________________
< TASK [install httpd package] >
 ------------------------------
        \   ^__^
         \  (oo)\_______
            (__)\       )\/\
                ||----w |
                ||     ||


2026-08-31 16:19:16,470 p=879 u=ansible n=ansible INFO| ok: [192.168.100.10]
2026-08-31 16:19:16,572 p=879 u=ansible n=ansible INFO|  ____________
< PLAY RECAP >
 ------------
        \   ^__^
         \  (oo)\_______
            (__)\       )\/\
                ||----w |
                ||     ||


2026-08-31 16:19:16,572 p=879 u=ansible n=ansible INFO| 192.168.100.10             : ok=2    changed=0    unreachable=0    failed=0    skipped=0    rescued=0    ignored=0   
2026-08-31 16:23:48,750 p=1143 u=ansible n=ansible INFO| PLAY [all] *************************************************************************************************************
2026-08-31 16:23:48,782 p=1143 u=ansible n=ansible INFO| TASK [Gathering Facts] *************************************************************************************************
2026-08-31 16:23:52,484 p=1143 u=ansible n=ansible ERROR| [ERROR]: Task failed: Action failed: The following modules failed to execute: ansible.legacy.setup.

Task failed: Action failed.

<<< caused by >>>

The following modules failed to execute: ansible.legacy.setup.

+--[ Sub-Event 1 of 1 ]---
| 
| Module result deserialization failed: No start of json char found See stdout/stderr for the returned output.
| 
+--[ End Sub-Event ]---


2026-08-31 16:23:52,485 p=1143 u=ansible n=ansible INFO| fatal: [192.168.100.10]: FAILED! => {"ansible_facts": {}, "changed": false, "failed_modules": {"ansible.legacy.setup": {"exception": "(traceback unavailable)", "failed": true, "module_stderr": "Shared connection to 192.168.100.10 closed.\r\n", "module_stdout": "\r\nst\": \"off\", \"macsec_hw_offload\": \"off [fixed]\", \"rx_udp_gro_forwarding\": \"off\", \"hsr_tag_ins_offload\": \"off [fixed]\", \"hsr_tag_rm_offload\": \"off [fixed]\", \"hsr_fwd_offload\": \"off [fixed]\", \"hsr_dup_offload\": \"off [fixed]\"}, \"timestamping\": [], \"hw_timestamp_filters\": []}, \"ansible_enp68s0f1\": {\"device\": \"enp68s0f1\", \"macaddress\": \"3c:ec:ef:5d:48:01\", \"mtu\": 1500, \"active\": true, \"module\": \"i40e\", \"type\": \"ether\", \"pciid\": \"0000:44:00.1\", \"speed\": 1000, \"promisc\": true, \"features\": {\"rx_checksumming\": \"on\", \"tx_checksumming\": \"on\", \"tx_checksum_ipv4\": \"off [fixed]\", \"tx_checksum_ip_generic\": \"on\", \"tx_checksum_ipv6\": \"off [fixed]\", \"tx_checksum_fcoe_crc\": \"off [fixed]\", \"tx_checksum_sctp\": \"on\", \"scatter_gather\": \"on\", \"tx_scatter_gather\": \"on\", \"tx_scatter_gather_fraglist\": \"off [fixed]\", \"tcp_segmentation_offload\": \"on\", \"tx_tcp_segmentation\": \"on\", \"tx_tcp_ecn_segmentation\": \"on\", \"tx_tcp_mangleid_segmentation\": \"off\", \"tx_tcp6_segmentation\": \"on\", \"generic_segmentation_offload\": \"on\", \"generic_receive_offload\": \"on\", \"large_receive_offload\": \"off [fixed]\", \"rx_vlan_offload\": \"on\", \"tx_vlan_offload\": \"on\", \"ntuple_filters\": \"on\", \"receive_hashing\": \"on\", \"highdma\": \"on\", \"rx_vlan_filter\": \"on [fixed]\", \"vlan_challenged\": \"off [fixed]\", \"tx_gso_robust\": \"off [fixed]\", \"tx_fcoe_segmentation\": \"off [fixed]\", \"tx_gre_segmentation\": \"on\", \"tx_gre_csum_segmentation\": \"on\", \"tx_ipxip4_segmentation\": \"on\", \"tx_ipxip6_segmentation\": \"on\", \"tx_udp_tnl_segmentation\": \"on\", \"tx_udp_tnl_csum_segmentation\": \"on\", \"tx_gso_partial\": \"on\", \"tx_tunnel_remcsum_segmentation\": \"off [fixed]\", \"tx_sctp_segmentation\": \"off [fixed]\", \"tx_esp_segmentation\": \"off [fixed]\", \"tx_udp_segmentation\": \"on\", \"tx_gso_list\": \"off [fixed]\", \"tx_nocache_copy\": \"off\", \"loopback\": \"off\", \"rx_fcs\": \"off [fixed]\", \"rx_all\": \"off [fixed]\", \"tx_vlan_stag_hw_insert\": \"off [fixed]\", \"rx_vlan_stag_hw_parse\": \"off [fixed]\", \"rx_vlan_stag_filter\": \"off [fixed]\", \"l2_fwd_offload\": \"off\", \"hw_tc_offload\": \"off\", \"esp_hw_offload\": \"off [fixed]\", \"esp_tx_csum_hw_offload\": \"off [fixed]\", \"rx_udp_tunnel_port_offload\": \"on\", \"tls_hw_tx_offload\": \"off [fixed]\", \"tls_hw_rx_offload\": \"off [fixed]\", \"rx_gro_hw\": \"off [fixed]\", \"tls_hw_record\": \"off [fixed]\", \"rx_gro_list\": \"off\", \"macsec_hw_offload\": \"off [fixed]\", \"rx_udp_gro_forwarding\": \"off\", \"hsr_tag_ins_offload\": \"off [fixed]\", \"hsr_tag_rm_offload\": \"off [fixed]\", \"hsr_fwd_offload\": \"off [fixed]\", \"hsr_dup_offload\": \"off [fixed]\"}, \"timestamping\": [], \"hw_timestamp_filters\": []}, \"ansible_enp68s0f0\": {\"device\": \"enp68s0f0\", \"macaddress\": \"3c:ec:ef:5d:48:00\", \"mtu\": 1500, \"active\": false, \"module\": \"i40e\", \"type\": \"ether\", \"pciid\": \"0000:44:00.0\", \"speed\": -1, \"promisc\": false, \"features\": {\"rx_checksumming\": \"on\", \"tx_checksumming\": \"on\", \"tx_checksum_ipv4\": \"off [fixed]\", \"tx_checksum_ip_generic\": \"on\", \"tx_checksum_ipv6\": \"off [fixed]\", \"tx_checksum_fcoe_crc\": \"off [fixed]\", \"tx_checksum_sctp\": \"on\", \"scatter_gather\": \"on\", \"tx_scatter_gather\": \"on\", \"tx_scatter_gather_fraglist\": \"off [fixed]\", \"tcp_segmentation_offload\": \"on\", \"tx_tcp_segmentation\": \"on\", \"tx_tcp_ecn_segmentation\": \"on\", \"tx_tcp_mangleid_segmentation\": \"off\", \"tx_tcp6_segmentation\": \"on\", \"generic_segmentation_offload\": \"on\", \"generic_receive_offload\": \"on\", \"large_receive_offload\": \"off [fixed]\", \"rx_vlan_offload\": \"on\", \"tx_vlan_offload\": \"on\", \"ntuple_filters\": \"on\", \"receive_hashing\": \"on\", \"highdma\": \"on\", \"rx_vlan_filter\": \"on [fixed]\", \"vlan_challenged\": \"off [fixed]\", \"tx_gso_robust\": \"off [fixed]\", \"tx_fcoe_segmentation\": \"off [fixed]\", \"tx_gre_segmentation\": \"on\", \"tx_gre_csum_segmentation\": \"on\", \"tx_ipxip4_segmentation\": \"on\", \"tx_ipxip6_segmentation\": \"on\", \"tx_udp_tnl_segmentation\": \"on\", \"tx_udp_tnl_csum_segmentation\": \"on\", \"tx_gso_partial\": \"on\", \"tx_tunnel_remcsum_segmentation\": \"off [fixed]\", \"tx_sctp_segmentation\": \"off [fixed]\", \"tx_esp_segmentation\": \"off [fixed]\", \"tx_udp_segmentation\": \"on\", \"tx_gso_list\": \"off [fixed]\", \"tx_nocache_copy\": \"off\", \"loopback\": \"off\", \"rx_fcs\": \"off [fixed]\", \"rx_all\": \"off [fixed]\", \"tx_vlan_stag_hw_insert\": \"off [fixed]\", \"rx_vlan_stag_hw_parse\": \"off [fixed]\", \"rx_vlan_stag_filter\": \"off [fixed]\", \"l2_fwd_offload\": \"off\", \"hw_tc_offload\": \"off\", \"esp_hw_offload\": \"off [fixed]\", \"esp_tx_csum_hw_offload\": \"off [fixed]\", \"rx_udp_tunnel_port_offload\": \"on\", \"tls_hw_tx_offload\": \"off [fixed]\", \"tls_hw_rx_offload\": \"off [fixed]\", \"rx_gro_hw\": \"off [fixed]\", \"tls_hw_record\": \"off [fixed]\", \"rx_gro_list\": \"off\", \"macsec_hw_offload\": \"off [fixed]\", \"rx_udp_gro_forwarding\": \"off\", \"hsr_tag_ins_offload\": \"off [fixed]\", \"hsr_tag_rm_offload\": \"off [fixed]\", \"hsr_fwd_offload\": \"off [fixed]\", \"hsr_dup_offload\": \"off [fixed]\"}, \"timestamping\": [], \"hw_timestamp_filters\": []}, \"ansible_lo\": {\"device\": \"lo\", \"mtu\": 65536, \"active\": true, \"type\": \"loopback\", \"promisc\": false, \"ipv4\": {\"address\": \"127.0.0.1\", \"broadcast\": \"\", \"netmask\": \"255.0.0.0\", \"network\": \"127.0.0.0\", \"prefix\": \"8\"}, \"ipv6\": [{\"address\": \"::1\", \"prefix\": \"128\", \"scope\": \"host\"}], \"features\": {\"rx_checksumming\": \"on [fixed]\", \"tx_checksumming\": \"on\", \"tx_checksum_ipv4\": \"off [fixed]\", \"tx_checksum_ip_generic\": \"on [fixed]\", \"tx_checksum_ipv6\": \"off [fixed]\", \"tx_checksum_fcoe_crc\": \"off [fixed]\", \"tx_checksum_sctp\": \"on [fixed]\", \"scatter_gather\": \"on\", \"tx_scatter_gather\": \"on [fixed]\", \"tx_scatter_gather_fraglist\": \"on [fixed]\", \"tcp_segmentation_offload\": \"on\", \"tx_tcp_segmentation\": \"on\", \"tx_tcp_ecn_segmentation\": \"on\", \"tx_tcp_mangleid_segmentation\": \"on\", \"tx_tcp6_segmentation\": \"on\", \"generic_segmentation_offload\": \"on\", \"generic_receive_offload\": \"on\", \"large_receive_offload\": \"off [fixed]\", \"rx_vlan_offload\": \"off [fixed]\", \"tx_vlan_offload\": \"off [fixed]\", \"ntuple_filters\": \"off [fixed]\", \"receive_hashing\": \"off [fixed]\", \"highdma\": \"on [fixed]\", \"rx_vlan_filter\": \"off [fixed]\", \"vlan_challenged\": \"on [fixed]\", \"tx_gso_robust\": \"off [fixed]\", \"tx_fcoe_segmentation\": \"off [fixed]\", \"tx_gre_segmentation\": \"off [fixed]\", \"tx_gre_csum_segmentation\": \"off [fixed]\", \"tx_ipxip4_segmentation\": \"off [fixed]\", \"tx_ipxip6_segmentation\": \"off [fixed]\", \"tx_udp_tnl_segmentation\": \"off [fixed]\", \"tx_udp_tnl_csum_segmentation\": \"off [fixed]\", \"tx_gso_partial\": \"off [fixed]\", \"tx_tunnel_remcsum_segmentation\": \"off [fixed]\", \"tx_sctp_segmentation\": \"on\", \"tx_esp_segmentation\": \"off [fixed]\", \"tx_udp_segmentation\": \"on\", \"tx_gso_list\": \"on\", \"tx_nocache_copy\": \"off [fixed]\", \"loopback\": \"on [fixed]\", \"rx_fcs\": \"off [fixed]\", \"rx_all\": \"off [fixed]\", \"tx_vlan_stag_hw_insert\": \"off [fixed]\", \"rx_vlan_stag_hw_parse\": \"off [fixed]\", \"rx_vlan_stag_filter\": \"off [fixed]\", \"l2_fwd_offload\": \"off [fixed]\", \"hw_tc_offload\": \"off [fixed]\", \"esp_hw_offload\": \"off [fixed]\", \"esp_tx_csum_hw_offload\": \"off [fixed]\", \"rx_udp_tunnel_port_offload\": \"off [fixed]\", \"tls_hw_tx_offload\": \"off [fixed]\", \"tls_hw_rx_offload\": \"off [fixed]\", \"rx_gro_hw\": \"off [fixed]\", \"tls_hw_record\": \"off [fixed]\", \"rx_gro_list\": \"off\", \"macsec_hw_offload\": \"off [fixed]\", \"rx_udp_gro_forwarding\": \"off\", \"hsr_tag_ins_offload\": \"off [fixed]\", \"hsr_tag_rm_offload\": \"off [fixed]\", \"hsr_fwd_offload\": \"off [fixed]\", \"hsr_dup_offload\": \"off [fixed]\"}, \"timestamping\": [], \"hw_timestamp_filters\": []}, \"ansible_default_ipv4\": {\"gateway\": \"192.168.100.1\", \"interface\": \"br20\", \"address\": \"192.168.100.10\", \"broadcast\": \"192.168.100.255\", \"netmask\": \"255.255.255.0\", \"network\": \"192.168.100.0\", \"prefix\": \"24\", \"macaddress\": \"3c:ec:ef:5d:48:01\", \"mtu\": 1500, \"type\": \"bridge\", \"alias\": \"br20\"}, \"ansible_default_ipv6\": {}, \"ansible_all_ipv4_addresses\": [\"192.168.100.10\"], \"ansible_all_ipv6_addresses\": [\"fe80::e62a:4cd:2dc1:7599\"], \"ansible_locally_reachable_ips\": {\"ipv4\": [\"127.0.0.0/8\", \"127.0.0.1\", \"192.168.100.10\"], \"ipv6\": [\"::1\", \"fe80::e62a:4cd:2dc1:7599\"]}, \"ansible_pkg_mgr\": \"dnf\", \"ansible_service_mgr\": \"systemd\", \"gather_subset\": [\"all\"], \"module_setup\": true}, \"invocation\": {\"module_args\": {\"gather_subset\": [\"all\"], \"gather_timeout\": 10, \"filter\": [], \"fact_path\": \"/etc/ansible/facts.d\"}}}\r\n", "msg": "Module result deserialization failed: No start of json char found", "rc": 0}}, "msg": "The following modules failed to execute: ansible.legacy.setup."}
2026-08-31 16:23:52,487 p=1143 u=ansible n=ansible INFO| PLAY RECAP *************************************************************************************************************
2026-08-31 16:23:52,488 p=1143 u=ansible n=ansible INFO| 192.168.100.10             : ok=0    changed=0    unreachable=0    failed=1    skipped=0    rescued=0    ignored=0   
2026-08-31 16:24:19,214 p=1179 u=ansible n=ansible INFO| 192.168.100.10 | SUCCESS => {
    "changed": false,
    "ping": "pong"
}
2026-08-31 16:24:35,878 p=1224 u=ansible n=ansible INFO| PLAY [all] *************************************************************************************************************
2026-08-31 16:24:35,893 p=1224 u=ansible n=ansible INFO| TASK [Gathering Facts] *************************************************************************************************
2026-08-31 16:24:39,789 p=1224 u=ansible n=ansible INFO| ok: [192.168.100.10]
2026-08-31 16:24:39,866 p=1224 u=ansible n=ansible INFO| TASK [install httpd package] *******************************************************************************************
2026-08-31 16:24:46,437 p=1224 u=ansible n=ansible INFO| ok: [192.168.100.10]
2026-08-31 16:24:46,440 p=1224 u=ansible n=ansible INFO| PLAY RECAP *************************************************************************************************************
2026-08-31 16:24:46,441 p=1224 u=ansible n=ansible INFO| 192.168.100.10             : ok=2    changed=0    unreachable=0    failed=0    skipped=0    rescued=0    ignored=0   
2026-08-31 16:28:00,588 p=1268 u=ansible n=ansible INFO| PLAY [all] *************************************************************************************************************
2026-08-31 16:28:00,620 p=1268 u=ansible n=ansible INFO| TASK [Gathering Facts] *************************************************************************************************
2026-08-31 16:28:04,658 p=1268 u=ansible n=ansible INFO| ok: [192.168.100.10]
2026-08-31 16:28:04,683 p=1268 u=ansible n=ansible INFO| TASK [install httpd package] *******************************************************************************************
2026-08-31 16:28:11,662 p=1268 u=ansible n=ansible INFO| ok: [192.168.100.10]
2026-08-31 16:28:11,665 p=1268 u=ansible n=ansible INFO| PLAY RECAP *************************************************************************************************************
2026-08-31 16:28:11,665 p=1268 u=ansible n=ansible INFO| 192.168.100.10             : ok=2    changed=0    unreachable=0    failed=0    skipped=0    rescued=0    ignored=0   
2026-08-31 16:29:48,026 p=1327 u=ansible n=ansible INFO| PLAY [all] *********************************************************************
2026-08-31 16:29:48,044 p=1327 u=ansible n=ansible INFO| TASK [Gathering Facts] *********************************************************
2026-08-31 16:29:52,280 p=1327 u=ansible n=ansible INFO| ok: [192.168.100.10]
2026-08-31 16:29:52,294 p=1327 u=ansible n=ansible INFO| TASK [install httpd package] ***************************************************
2026-08-31 16:29:57,975 p=1327 u=ansible n=ansible ERROR| [ERROR]: Task failed: Module failed: Failed to install some of the specified packages
Origin: /home/ansible/ansible/install_httpd.yml:8:5

6
7
8   - name: install httpd package
      ^ column 5


2026-08-31 16:29:57,976 p=1327 u=ansible n=ansible INFO| fatal: [192.168.100.10]: FAILED! => {"changed": false, "failures": ["No package apache2 available."], "msg": "Failed to install some of the specified packages", "rc": 1, "results": []}
2026-08-31 16:29:57,978 p=1327 u=ansible n=ansible INFO| PLAY RECAP *********************************************************************
2026-08-31 16:29:57,979 p=1327 u=ansible n=ansible INFO| 192.168.100.10             : ok=1    changed=0    unreachable=0    failed=1    skipped=0    rescued=0    ignored=0   
2026-08-31 16:31:25,080 p=1383 u=ansible n=ansible INFO| PLAY [all] *********************************************************************
2026-08-31 16:31:25,096 p=1383 u=ansible n=ansible INFO| TASK [Gathering Facts] *********************************************************
2026-08-31 16:31:29,110 p=1383 u=ansible n=ansible INFO| ok: [192.168.100.10]
2026-08-31 16:31:29,119 p=1383 u=ansible n=ansible INFO| TASK [update repository index] *************************************************
2026-08-31 16:32:24,078 p=1383 u=ansible n=ansible INFO| ok: [192.168.100.10]
2026-08-31 16:32:24,088 p=1383 u=ansible n=ansible INFO| TASK [install httpd package] ***************************************************
2026-08-31 16:32:30,337 p=1383 u=ansible n=ansible INFO| ok: [192.168.100.10]
2026-08-31 16:32:30,340 p=1383 u=ansible n=ansible INFO| PLAY RECAP *********************************************************************
2026-08-31 16:32:30,340 p=1383 u=ansible n=ansible INFO| 192.168.100.10             : ok=3    changed=0    unreachable=0    failed=0    skipped=0    rescued=0    ignored=0   
2026-08-31 16:33:00,574 p=1438 u=ansible n=ansible INFO| PLAY [all] *********************************************************************
2026-08-31 16:33:00,596 p=1438 u=ansible n=ansible INFO| TASK [Gathering Facts] *********************************************************
2026-08-31 16:33:03,923 p=1438 u=ansible n=ansible INFO| ok: [192.168.100.10]
2026-08-31 16:33:03,932 p=1438 u=ansible n=ansible INFO| TASK [update repository index] *************************************************
2026-08-31 16:33:13,627 p=1438 u=ansible n=ansible INFO| ok: [192.168.100.10]
2026-08-31 16:33:13,636 p=1438 u=ansible n=ansible INFO| TASK [install httpd package] ***************************************************
2026-08-31 16:33:20,848 p=1438 u=ansible n=ansible INFO| ok: [192.168.100.10]
2026-08-31 16:33:20,851 p=1438 u=ansible n=ansible INFO| PLAY RECAP *********************************************************************
2026-08-31 16:33:20,851 p=1438 u=ansible n=ansible INFO| 192.168.100.10             : ok=3    changed=0    unreachable=0    failed=0    skipped=0    rescued=0    ignored=0   
2026-08-31 16:36:01,869 p=1497 u=ansible n=ansible INFO| PLAY [all] *********************************************************************
2026-08-31 16:36:01,902 p=1497 u=ansible n=ansible INFO| TASK [Gathering Facts] *********************************************************
2026-08-31 16:36:04,920 p=1497 u=ansible n=ansible INFO| ok: [192.168.100.10]
2026-08-31 16:36:04,984 p=1497 u=ansible n=ansible INFO| TASK [update repository index] *************************************************
2026-08-31 16:36:14,798 p=1497 u=ansible n=ansible INFO| ok: [192.168.100.10]
2026-08-31 16:36:14,808 p=1497 u=ansible n=ansible INFO| TASK [install httpd package] ***************************************************
2026-08-31 16:36:20,714 p=1497 u=ansible n=ansible INFO| ok: [192.168.100.10]
2026-08-31 16:36:20,722 p=1497 u=ansible n=ansible INFO| TASK [add php support for httpd] ***********************************************
2026-08-31 16:36:38,534 p=1497 u=ansible n=ansible INFO| changed: [192.168.100.10]
2026-08-31 16:36:38,536 p=1497 u=ansible n=ansible INFO| PLAY RECAP *********************************************************************
2026-08-31 16:36:38,537 p=1497 u=ansible n=ansible INFO| 192.168.100.10             : ok=4    changed=1    unreachable=0    failed=0    skipped=0    rescued=0    ignored=0   
2026-08-31 17:02:00,755 p=1602 u=ansible n=ansible INFO| PLAY [all] *********************************************************************
2026-08-31 17:02:00,772 p=1602 u=ansible n=ansible INFO| TASK [Gathering Facts] *********************************************************
2026-08-31 17:02:04,683 p=1602 u=ansible n=ansible INFO| ok: [192.168.100.10]
2026-08-31 17:02:04,693 p=1602 u=ansible n=ansible INFO| TASK [update repository index] *************************************************
2026-08-31 17:02:16,987 p=1602 u=ansible n=ansible INFO| ok: [192.168.100.10]
2026-08-31 17:02:16,998 p=1602 u=ansible n=ansible INFO| TASK [install httpd package] ***************************************************
2026-08-31 17:02:22,907 p=1602 u=ansible n=ansible INFO| ok: [192.168.100.10]
2026-08-31 17:02:22,919 p=1602 u=ansible n=ansible INFO| TASK [add php support for httpd] ***********************************************
2026-08-31 17:02:28,419 p=1602 u=ansible n=ansible INFO| ok: [192.168.100.10]
2026-08-31 17:02:28,422 p=1602 u=ansible n=ansible INFO| PLAY RECAP *********************************************************************
2026-08-31 17:02:28,422 p=1602 u=ansible n=ansible INFO| 192.168.100.10             : ok=4    changed=0    unreachable=0    failed=0    skipped=0    rescued=0    ignored=0   
2026-08-31 17:04:58,662 p=1700 u=ansible n=ansible INFO| PLAY [all] *********************************************************************
2026-08-31 17:04:58,699 p=1700 u=ansible n=ansible INFO| TASK [Gathering Facts] *********************************************************
2026-08-31 17:05:05,216 p=1700 u=ansible n=ansible INFO| ok: [192.168.100.10]
2026-08-31 17:05:05,294 p=1700 u=ansible n=ansible INFO| TASK [update repository index] *************************************************
2026-08-31 17:05:16,152 p=1700 u=ansible n=ansible INFO| ok: [192.168.100.10]
2026-08-31 17:05:16,162 p=1700 u=ansible n=ansible INFO| TASK [install httpd package] ***************************************************
2026-08-31 17:05:25,787 p=1700 u=ansible n=ansible INFO| changed: [192.168.100.10]
2026-08-31 17:05:25,796 p=1700 u=ansible n=ansible INFO| TASK [install php package] *****************************************************
2026-08-31 17:05:33,208 p=1700 u=ansible n=ansible INFO| changed: [192.168.100.10]
2026-08-31 17:05:33,210 p=1700 u=ansible n=ansible INFO| PLAY RECAP *********************************************************************
2026-08-31 17:05:33,211 p=1700 u=ansible n=ansible INFO| 192.168.100.10             : ok=4    changed=2    unreachable=0    failed=0    skipped=0    rescued=0    ignored=0   
2026-09-01 17:05:04,450 p=2138 u=ansible n=ansible INFO| 192.168.100.10 | SUCCESS => {
    "changed": false,
    "ping": "pong"
}
2026-09-01 17:12:38,781 p=2316 u=ansible n=ansible INFO| PLAY [all] *********************************************************************
2026-09-01 17:12:38,790 p=2316 u=ansible n=ansible INFO| TASK [Gathering Facts] *********************************************************
2026-09-01 17:12:40,869 p=2316 u=ansible n=ansible WARNING| [WARNING]: Host '192.168.100.10' is using the discovered Python interpreter at '/usr/bin/python3.14', but future installation of another Python interpreter could cause a different interpreter to be discovered. See https://docs.ansible.com/ansible-core/2.20/reference_appendices/interpreter_discovery.html for more information.

2026-09-01 17:12:40,870 p=2316 u=ansible n=ansible INFO| ok: [192.168.100.10]
2026-09-01 17:12:40,873 p=2316 u=ansible n=ansible INFO| TASK [update repository index] *************************************************
2026-09-01 17:12:40,888 p=2316 u=ansible n=ansible WARNING| [WARNING]: Deprecation warnings can be disabled by setting `deprecation_warnings=False` in ansible.cfg.

2026-09-01 17:12:40,888 p=2316 u=ansible n=ansible INFO| [DEPRECATION WARNING]: INJECT_FACTS_AS_VARS default to `True` is deprecated, top-level facts will not be auto injected after the change. This feature will be removed from ansible-core version 2.24.
Origin: /home/ansible/ansible/install_htop.yml:10:11

 8     apt:
 9       update_cache: true
10     when: ansible_distribution == "Ubuntu"
             ^ column 11

Use `ansible_facts["fact_name"]` (no `ansible_` prefix) instead.


2026-09-01 17:12:40,888 p=2316 u=ansible n=ansible INFO| skipping: [192.168.100.10]
2026-09-01 17:12:40,892 p=2316 u=ansible n=ansible INFO| TASK [install apache2 package] *************************************************
2026-09-01 17:12:40,905 p=2316 u=ansible n=ansible INFO| [DEPRECATION WARNING]: INJECT_FACTS_AS_VARS default to `True` is deprecated, top-level facts will not be auto injected after the change. This feature will be removed from ansible-core version 2.24.
Origin: /home/ansible/ansible/install_htop.yml:15:11

13     apt:
14       apt-get: apache2
15     when: ansible_distribution == "Ubuntu"
             ^ column 11

Use `ansible_facts["fact_name"]` (no `ansible_` prefix) instead.


2026-09-01 17:12:40,905 p=2316 u=ansible n=ansible INFO| skipping: [192.168.100.10]
2026-09-01 17:12:40,907 p=2316 u=ansible n=ansible INFO| PLAY RECAP *********************************************************************
2026-09-01 17:12:40,907 p=2316 u=ansible n=ansible INFO| 192.168.100.10             : ok=1    changed=0    unreachable=0    failed=0    skipped=2    rescued=0    ignored=0   
2026-09-01 17:14:37,111 p=2357 u=ansible n=ansible WARNING| [WARNING]: Host '192.168.100.10' is using the discovered Python interpreter at '/usr/bin/python3.14', but future installation of another Python interpreter could cause a different interpreter to be discovered. See https://docs.ansible.com/ansible-core/2.20/reference_appendices/interpreter_discovery.html for more information.

2026-09-01 17:14:37,121 p=2357 u=ansible n=ansible INFO| 192.168.100.10 | SUCCESS => {
    "ansible_facts": {
        "ansible_all_ipv4_addresses": [
            "192.168.100.10"
        ],
        "ansible_all_ipv6_addresses": [
            "fe80::e62a:4cd:2dc1:7599"
        ],
        "ansible_apparmor": {
            "status": "disabled"
        },
        "ansible_architecture": "x86_64",
        "ansible_bios_date": "09/22/2025",
        "ansible_bios_vendor": "American Megatrends Inc.",
        "ansible_bios_version": "3.5",
        "ansible_board_asset_tag": "To be filled by O.E.M.",
        "ansible_board_name": "H12DSU-iN",
        "ansible_board_serial": "UM20CS602065",
        "ansible_board_vendor": "Supermicro",
        "ansible_board_version": "1.01",
        "ansible_br20": {
            "active": true,
            "device": "br20",
            "features": {
                "esp_hw_offload": "off [fixed]",
                "esp_tx_csum_hw_offload": "off [fixed]",
                "generic_receive_offload": "on",
                "generic_segmentation_offload": "on",
                "highdma": "on",
                "hsr_dup_offload": "off [fixed]",
                "hsr_fwd_offload": "off [fixed]",
                "hsr_tag_ins_offload": "off [fixed]",
                "hsr_tag_rm_offload": "off [fixed]",
                "hw_tc_offload": "off [fixed]",
                "l2_fwd_offload": "off [fixed]",
                "large_receive_offload": "off [fixed]",
                "loopback": "off [fixed]",
                "macsec_hw_offload": "off [fixed]",
                "ntuple_filters": "off [fixed]",
                "receive_hashing": "off [fixed]",
                "rx_all": "off [fixed]",
                "rx_checksumming": "off [fixed]",
                "rx_fcs": "off [fixed]",
                "rx_gro_hw": "off [fixed]",
                "rx_gro_list": "off",
                "rx_udp_gro_forwarding": "off",
                "rx_udp_tunnel_port_offload": "off [fixed]",
                "rx_vlan_filter": "off [fixed]",
                "rx_vlan_offload": "off [fixed]",
                "rx_vlan_stag_filter": "off [fixed]",
                "rx_vlan_stag_hw_parse": "off [fixed]",
                "scatter_gather": "on",
                "tcp_segmentation_offload": "on",
                "tls_hw_record": "off [fixed]",
                "tls_hw_rx_offload": "off [fixed]",
                "tls_hw_tx_offload": "off [fixed]",
                "tx_checksum_fcoe_crc": "off [fixed]",
                "tx_checksum_ip_generic": "on",
                "tx_checksum_ipv4": "off [fixed]",
                "tx_checksum_ipv6": "off [fixed]",
                "tx_checksum_sctp": "off [fixed]",
                "tx_checksumming": "on",
                "tx_esp_segmentation": "on",
                "tx_fcoe_segmentation": "off [requested on]",
                "tx_gre_csum_segmentation": "on",
                "tx_gre_segmentation": "on",
                "tx_gso_list": "off [requested on]",
                "tx_gso_partial": "on",
                "tx_gso_robust": "off [requested on]",
                "tx_ipxip4_segmentation": "on",
                "tx_ipxip6_segmentation": "on",
                "tx_nocache_copy": "off",
                "tx_scatter_gather": "on",
                "tx_scatter_gather_fraglist": "off [requested on]",
                "tx_sctp_segmentation": "off [requested on]",
                "tx_tcp6_segmentation": "on",
                "tx_tcp_ecn_segmentation": "on",
                "tx_tcp_mangleid_segmentation": "on",
                "tx_tcp_segmentation": "on",
                "tx_tunnel_remcsum_segmentation": "on",
                "tx_udp_segmentation": "on",
                "tx_udp_tnl_csum_segmentation": "on",
                "tx_udp_tnl_segmentation": "on",
                "tx_vlan_offload": "on",
                "tx_vlan_stag_hw_insert": "on",
                "vlan_challenged": "off [fixed]"
            },
            "hw_timestamp_filters": [],
            "id": "8000.3cecef5d4801",
            "interfaces": [
                "enp68s0f1"
            ],
            "ipv4": {
                "address": "192.168.100.10",
                "broadcast": "192.168.100.255",
                "netmask": "255.255.255.0",
                "network": "192.168.100.0",
                "prefix": "24"
            },
            "ipv6": [
                {
                    "address": "fe80::e62a:4cd:2dc1:7599",
                    "prefix": "64",
                    "scope": "link"
                }
            ],
            "macaddress": "3c:ec:ef:5d:48:01",
            "mtu": 1500,
            "promisc": false,
            "speed": 1000,
            "stp": true,
            "timestamping": [],
            "type": "bridge"
        },
        "ansible_chassis_asset_tag": "To be filled by O.E.M.",
        "ansible_chassis_serial": "C829UAK09P20269",
        "ansible_chassis_vendor": "Supermicro",
        "ansible_chassis_version": "0123456789",
        "ansible_cmdline": {
            "BOOT_IMAGE": "(hd1,gpt2)/vmlinuz-5.14.0-611.11.1.el9_7.x86_64",
            "crashkernel": "1G-2G:192M,2G-64G:256M,64G-:512M",
            "quiet": true,
            "rd.lvm.lv": "rhel/swap",
            "resume": "/dev/mapper/rhel-swap",
            "rhgb": true,
            "ro": true,
            "root": "/dev/mapper/rhel-root"
        },
        "ansible_date_time": {
            "date": "2026-09-01",
            "day": "01",
            "epoch": "1788254075",
            "epoch_int": "1788254075",
            "hour": "17",
            "iso8601": "2026-09-01T09:14:35Z",
            "iso8601_basic": "20260901T171435966918",
            "iso8601_basic_short": "20260901T171435",
            "iso8601_micro": "2026-09-01T09:14:35.966918Z",
            "minute": "14",
            "month": "09",
            "second": "35",
            "time": "17:14:35",
            "tz": "CST",
            "tz_dst": "CST",
            "tz_offset": "+0800",
            "weekday": "Tuesday",
            "weekday_number": "2",
            "weeknumber": "35",
            "year": "2026"
        },
        "ansible_default_ipv4": {
            "address": "192.168.100.10",
            "alias": "br20",
            "broadcast": "192.168.100.255",
            "gateway": "192.168.100.1",
            "interface": "br20",
            "macaddress": "3c:ec:ef:5d:48:01",
            "mtu": 1500,
            "netmask": "255.255.255.0",
            "network": "192.168.100.0",
            "prefix": "24",
            "type": "bridge"
        },
        "ansible_default_ipv6": {},
        "ansible_device_links": {
            "ids": {
                "dm-0": [
                    "dm-name-rhel-root",
                    "dm-uuid-LVM-DOD9ROtkXXpDmFwLWj24wFgFgldsS2K9Ofw04jefZaM7OV4oF9KcVpuafbKwcAwa"
                ],
                "dm-1": [
                    "dm-name-rhel-swap",
                    "dm-uuid-LVM-DOD9ROtkXXpDmFwLWj24wFgFgldsS2K9bMf7b5RbwkXlm1dWY48afyw70iqa5B6s"
                ],
                "dm-2": [
                    "dm-name-rhel-home",
                    "dm-uuid-LVM-DOD9ROtkXXpDmFwLWj24wFgFgldsS2K9Blrx53kD54ZOssIXvYxBNM1ejwUr1U8M"
                ],
                "sda": [
                    "ata-INTEL_SSDSC2KG480G8_PHYG04010003480BGN",
                    "scsi-0ATA_INTEL_SSDSC2KG48_PHYG04010003480BGN",
                    "scsi-1ATA_INTEL_SSDSC2KG480G8_PHYG04010003480BGN",
                    "scsi-355cd2e41530aa3d0",
                    "scsi-SATA_INTEL_SSDSC2KG48_PHYG04010003480BGN",
                    "wwn-0x55cd2e41530aa3d0"
                ],
                "sda1": [
                    "ata-INTEL_SSDSC2KG480G8_PHYG04010003480BGN-part1",
                    "scsi-0ATA_INTEL_SSDSC2KG48_PHYG04010003480BGN-part1",
                    "scsi-1ATA_INTEL_SSDSC2KG480G8_PHYG04010003480BGN-part1",
                    "scsi-355cd2e41530aa3d0-part1",
                    "scsi-SATA_INTEL_SSDSC2KG48_PHYG04010003480BGN-part1",
                    "wwn-0x55cd2e41530aa3d0-part1"
                ],
                "sda2": [
                    "ata-INTEL_SSDSC2KG480G8_PHYG04010003480BGN-part2",
                    "scsi-0ATA_INTEL_SSDSC2KG48_PHYG04010003480BGN-part2",
                    "scsi-1ATA_INTEL_SSDSC2KG480G8_PHYG04010003480BGN-part2",
                    "scsi-355cd2e41530aa3d0-part2",
                    "scsi-SATA_INTEL_SSDSC2KG48_PHYG04010003480BGN-part2",
                    "wwn-0x55cd2e41530aa3d0-part2"
                ],
                "sda3": [
                    "ata-INTEL_SSDSC2KG480G8_PHYG04010003480BGN-part3",
                    "lvm-pv-uuid-hiMFhC-HnTM-eEM3-PhCG-DP8c-bDIK-oqsD1t",
                    "scsi-0ATA_INTEL_SSDSC2KG48_PHYG04010003480BGN-part3",
                    "scsi-1ATA_INTEL_SSDSC2KG480G8_PHYG04010003480BGN-part3",
                    "scsi-355cd2e41530aa3d0-part3",
                    "scsi-SATA_INTEL_SSDSC2KG48_PHYG04010003480BGN-part3",
                    "wwn-0x55cd2e41530aa3d0-part3"
                ],
                "sdb": [
                    "ata-INTEL_SSDSC2KG480G8_PHYG040201FS480BGN",
                    "scsi-0ATA_INTEL_SSDSC2KG48_PHYG040201FS480BGN",
                    "scsi-1ATA_INTEL_SSDSC2KG480G8_PHYG040201FS480BGN",
                    "scsi-355cd2e41530ad0b2",
                    "scsi-SATA_INTEL_SSDSC2KG48_PHYG040201FS480BGN",
                    "wwn-0x55cd2e41530ad0b2"
                ]
            },
            "labels": {},
            "masters": {
                "sda3": [
                    "dm-0",
                    "dm-1",
                    "dm-2"
                ]
            },
            "uuids": {
                "dm-0": [
                    "dc16af16-a05e-4710-9e69-44c5578e3bf4"
                ],
                "dm-1": [
                    "b2162a23-d394-4d5b-a13f-54db7d7ec1a4"
                ],
                "dm-2": [
                    "eee7f419-c424-42e8-887b-c364ea88a15f"
                ],
                "sda1": [
                    "408B-F4F2"
                ],
                "sda2": [
                    "b3a25f30-9881-4d8b-a4ae-4f390dac7ae7"
                ]
            }
        },
        "ansible_devices": {
            "dm-0": {
                "holders": [],
                "host": "",
                "links": {
                    "ids": [
                        "dm-name-rhel-root",
                        "dm-uuid-LVM-DOD9ROtkXXpDmFwLWj24wFgFgldsS2K9Ofw04jefZaM7OV4oF9KcVpuafbKwcAwa"
                    ],
                    "labels": [],
                    "masters": [],
                    "uuids": [
                        "dc16af16-a05e-4710-9e69-44c5578e3bf4"
                    ]
                },
                "model": null,
                "partitions": {},
                "removable": "0",
                "rotational": "0",
                "sas_address": null,
                "sas_device_handle": null,
                "scheduler_mode": "",
                "sectors": 146800640,
                "sectorsize": "512",
                "serial": "PHYG04010003480BGN",
                "size": "70.00 GB",
                "support_discard": "4096",
                "vendor": null,
                "virtual": 1
            },
            "dm-1": {
                "holders": [],
                "host": "",
                "links": {
                    "ids": [
                        "dm-name-rhel-swap",
                        "dm-uuid-LVM-DOD9ROtkXXpDmFwLWj24wFgFgldsS2K9bMf7b5RbwkXlm1dWY48afyw70iqa5B6s"
                    ],
                    "labels": [],
                    "masters": [],
                    "uuids": [
                        "b2162a23-d394-4d5b-a13f-54db7d7ec1a4"
                    ]
                },
                "model": null,
                "partitions": {},
                "removable": "0",
                "rotational": "0",
                "sas_address": null,
                "sas_device_handle": null,
                "scheduler_mode": "",
                "sectors": 8388608,
                "sectorsize": "512",
                "serial": "PHYG04010003480BGN",
                "size": "4.00 GB",
                "support_discard": "4096",
                "vendor": null,
                "virtual": 1
            },
            "dm-2": {
                "holders": [],
                "host": "",
                "links": {
                    "ids": [
                        "dm-name-rhel-home",
                        "dm-uuid-LVM-DOD9ROtkXXpDmFwLWj24wFgFgldsS2K9Blrx53kD54ZOssIXvYxBNM1ejwUr1U8M"
                    ],
                    "labels": [],
                    "masters": [],
                    "uuids": [
                        "eee7f419-c424-42e8-887b-c364ea88a15f"
                    ]
                },
                "model": null,
                "partitions": {},
                "removable": "0",
                "rotational": "0",
                "sas_address": null,
                "sas_device_handle": null,
                "scheduler_mode": "",
                "sectors": 779182080,
                "sectorsize": "512",
                "serial": "PHYG04010003480BGN",
                "size": "371.54 GB",
                "support_discard": "4096",
                "vendor": null,
                "virtual": 1
            },
            "sda": {
                "holders": [],
                "host": "SATA controller: Advanced Micro Devices, Inc. [AMD] FCH SATA Controller [AHCI mode] (rev 51)",
                "links": {
                    "ids": [
                        "ata-INTEL_SSDSC2KG480G8_PHYG04010003480BGN",
                        "scsi-0ATA_INTEL_SSDSC2KG48_PHYG04010003480BGN",
                        "scsi-1ATA_INTEL_SSDSC2KG480G8_PHYG04010003480BGN",
                        "scsi-355cd2e41530aa3d0",
                        "scsi-SATA_INTEL_SSDSC2KG48_PHYG04010003480BGN",
                        "wwn-0x55cd2e41530aa3d0"
                    ],
                    "labels": [],
                    "masters": [],
                    "uuids": []
                },
                "model": "INTEL SSDSC2KG48",
                "partitions": {
                    "sda1": {
                        "holders": [],
                        "links": {
                            "ids": [
                                "ata-INTEL_SSDSC2KG480G8_PHYG04010003480BGN-part1",
                                "scsi-0ATA_INTEL_SSDSC2KG48_PHYG04010003480BGN-part1",
                                "scsi-1ATA_INTEL_SSDSC2KG480G8_PHYG04010003480BGN-part1",
                                "scsi-355cd2e41530aa3d0-part1",
                                "scsi-SATA_INTEL_SSDSC2KG48_PHYG04010003480BGN-part1",
                                "wwn-0x55cd2e41530aa3d0-part1"
                            ],
                            "labels": [],
                            "masters": [],
                            "uuids": [
                                "408B-F4F2"
                            ]
                        },
                        "sectors": 1228800,
                        "sectorsize": 512,
                        "size": "600.00 MB",
                        "start": "2048",
                        "uuid": "408B-F4F2"
                    },
                    "sda2": {
                        "holders": [],
                        "links": {
                            "ids": [
                                "ata-INTEL_SSDSC2KG480G8_PHYG04010003480BGN-part2",
                                "scsi-0ATA_INTEL_SSDSC2KG48_PHYG04010003480BGN-part2",
                                "scsi-1ATA_INTEL_SSDSC2KG480G8_PHYG04010003480BGN-part2",
                                "scsi-355cd2e41530aa3d0-part2",
                                "scsi-SATA_INTEL_SSDSC2KG48_PHYG04010003480BGN-part2",
                                "wwn-0x55cd2e41530aa3d0-part2"
                            ],
                            "labels": [],
                            "masters": [],
                            "uuids": [
                                "b3a25f30-9881-4d8b-a4ae-4f390dac7ae7"
                            ]
                        },
                        "sectors": 2097152,
                        "sectorsize": 512,
                        "size": "1.00 GB",
                        "start": "1230848",
                        "uuid": "b3a25f30-9881-4d8b-a4ae-4f390dac7ae7"
                    },
                    "sda3": {
                        "holders": [
                            "rhel-swap",
                            "rhel-home",
                            "rhel-root"
                        ],
                        "links": {
                            "ids": [
                                "ata-INTEL_SSDSC2KG480G8_PHYG04010003480BGN-part3",
                                "lvm-pv-uuid-hiMFhC-HnTM-eEM3-PhCG-DP8c-bDIK-oqsD1t",
                                "scsi-0ATA_INTEL_SSDSC2KG48_PHYG04010003480BGN-part3",
                                "scsi-1ATA_INTEL_SSDSC2KG480G8_PHYG04010003480BGN-part3",
                                "scsi-355cd2e41530aa3d0-part3",
                                "scsi-SATA_INTEL_SSDSC2KG48_PHYG04010003480BGN-part3",
                                "wwn-0x55cd2e41530aa3d0-part3"
                            ],
                            "labels": [],
                            "masters": [
                                "dm-0",
                                "dm-1",
                                "dm-2"
                            ],
                            "uuids": []
                        },
                        "sectors": 934373376,
                        "sectorsize": 512,
                        "size": "445.54 GB",
                        "start": "3328000",
                        "uuid": null
                    }
                },
                "removable": "0",
                "rotational": "0",
                "sas_address": null,
                "sas_device_handle": null,
                "scheduler_mode": "mq-deadline",
                "sectors": 937703088,
                "sectorsize": "512",
                "serial": "PHYG04010003480BGN",
                "size": "447.13 GB",
                "support_discard": "4096",
                "vendor": "ATA",
                "virtual": 1,
                "wwn": "0x55cd2e41530aa3d0"
            },
            "sdb": {
                "holders": [],
                "host": "SATA controller: Advanced Micro Devices, Inc. [AMD] FCH SATA Controller [AHCI mode] (rev 51)",
                "links": {
                    "ids": [
                        "ata-INTEL_SSDSC2KG480G8_PHYG040201FS480BGN",
                        "scsi-0ATA_INTEL_SSDSC2KG48_PHYG040201FS480BGN",
                        "scsi-1ATA_INTEL_SSDSC2KG480G8_PHYG040201FS480BGN",
                        "scsi-355cd2e41530ad0b2",
                        "scsi-SATA_INTEL_SSDSC2KG48_PHYG040201FS480BGN",
                        "wwn-0x55cd2e41530ad0b2"
                    ],
                    "labels": [],
                    "masters": [],
                    "uuids": []
                },
                "model": "INTEL SSDSC2KG48",
                "partitions": {},
                "removable": "0",
                "rotational": "0",
                "sas_address": null,
                "sas_device_handle": null,
                "scheduler_mode": "mq-deadline",
                "sectors": 937703088,
                "sectorsize": "512",
                "serial": "PHYG040201FS480BGN",
                "size": "447.13 GB",
                "support_discard": "4096",
                "vendor": "ATA",
                "virtual": 1,
                "wwn": "0x55cd2e41530ad0b2"
            }
        },
        "ansible_distribution": "RedHat",
        "ansible_distribution_file_parsed": true,
        "ansible_distribution_file_path": "/etc/redhat-release",
        "ansible_distribution_file_search_string": "Red Hat",
        "ansible_distribution_file_variety": "RedHat",
        "ansible_distribution_major_version": "9",
        "ansible_distribution_release": "Plow",
        "ansible_distribution_version": "9.8",
        "ansible_dns": {
            "nameservers": [
                "8.8.8.8"
            ]
        },
        "ansible_domain": "",
        "ansible_effective_group_id": 0,
        "ansible_effective_user_id": 0,
        "ansible_enp68s0f0": {
            "active": false,
            "device": "enp68s0f0",
            "features": {
                "esp_hw_offload": "off [fixed]",
                "esp_tx_csum_hw_offload": "off [fixed]",
                "generic_receive_offload": "on",
                "generic_segmentation_offload": "on",
                "highdma": "on",
                "hsr_dup_offload": "off [fixed]",
                "hsr_fwd_offload": "off [fixed]",
                "hsr_tag_ins_offload": "off [fixed]",
                "hsr_tag_rm_offload": "off [fixed]",
                "hw_tc_offload": "off",
                "l2_fwd_offload": "off",
                "large_receive_offload": "off [fixed]",
                "loopback": "off",
                "macsec_hw_offload": "off [fixed]",
                "ntuple_filters": "on",
                "receive_hashing": "on",
                "rx_all": "off [fixed]",
                "rx_checksumming": "on",
                "rx_fcs": "off [fixed]",
                "rx_gro_hw": "off [fixed]",
                "rx_gro_list": "off",
                "rx_udp_gro_forwarding": "off",
                "rx_udp_tunnel_port_offload": "on",
                "rx_vlan_filter": "on [fixed]",
                "rx_vlan_offload": "on",
                "rx_vlan_stag_filter": "off [fixed]",
                "rx_vlan_stag_hw_parse": "off [fixed]",
                "scatter_gather": "on",
                "tcp_segmentation_offload": "on",
                "tls_hw_record": "off [fixed]",
                "tls_hw_rx_offload": "off [fixed]",
                "tls_hw_tx_offload": "off [fixed]",
                "tx_checksum_fcoe_crc": "off [fixed]",
                "tx_checksum_ip_generic": "on",
                "tx_checksum_ipv4": "off [fixed]",
                "tx_checksum_ipv6": "off [fixed]",
                "tx_checksum_sctp": "on",
                "tx_checksumming": "on",
                "tx_esp_segmentation": "off [fixed]",
                "tx_fcoe_segmentation": "off [fixed]",
                "tx_gre_csum_segmentation": "on",
                "tx_gre_segmentation": "on",
                "tx_gso_list": "off [fixed]",
                "tx_gso_partial": "on",
                "tx_gso_robust": "off [fixed]",
                "tx_ipxip4_segmentation": "on",
                "tx_ipxip6_segmentation": "on",
                "tx_nocache_copy": "off",
                "tx_scatter_gather": "on",
                "tx_scatter_gather_fraglist": "off [fixed]",
                "tx_sctp_segmentation": "off [fixed]",
                "tx_tcp6_segmentation": "on",
                "tx_tcp_ecn_segmentation": "on",
                "tx_tcp_mangleid_segmentation": "off",
                "tx_tcp_segmentation": "on",
                "tx_tunnel_remcsum_segmentation": "off [fixed]",
                "tx_udp_segmentation": "on",
                "tx_udp_tnl_csum_segmentation": "on",
                "tx_udp_tnl_segmentation": "on",
                "tx_vlan_offload": "on",
                "tx_vlan_stag_hw_insert": "off [fixed]",
                "vlan_challenged": "off [fixed]"
            },
            "hw_timestamp_filters": [],
            "macaddress": "3c:ec:ef:5d:48:00",
            "module": "i40e",
            "mtu": 1500,
            "pciid": "0000:44:00.0",
            "promisc": false,
            "speed": -1,
            "timestamping": [],
            "type": "ether"
        },
        "ansible_enp68s0f1": {
            "active": true,
            "device": "enp68s0f1",
            "features": {
                "esp_hw_offload": "off [fixed]",
                "esp_tx_csum_hw_offload": "off [fixed]",
                "generic_receive_offload": "on",
                "generic_segmentation_offload": "on",
                "highdma": "on",
                "hsr_dup_offload": "off [fixed]",
                "hsr_fwd_offload": "off [fixed]",
                "hsr_tag_ins_offload": "off [fixed]",
                "hsr_tag_rm_offload": "off [fixed]",
                "hw_tc_offload": "off",
                "l2_fwd_offload": "off",
                "large_receive_offload": "off [fixed]",
                "loopback": "off",
                "macsec_hw_offload": "off [fixed]",
                "ntuple_filters": "on",
                "receive_hashing": "on",
                "rx_all": "off [fixed]",
                "rx_checksumming": "on",
                "rx_fcs": "off [fixed]",
                "rx_gro_hw": "off [fixed]",
                "rx_gro_list": "off",
                "rx_udp_gro_forwarding": "off",
                "rx_udp_tunnel_port_offload": "on",
                "rx_vlan_filter": "on [fixed]",
                "rx_vlan_offload": "on",
                "rx_vlan_stag_filter": "off [fixed]",
                "rx_vlan_stag_hw_parse": "off [fixed]",
                "scatter_gather": "on",
                "tcp_segmentation_offload": "on",
                "tls_hw_record": "off [fixed]",
                "tls_hw_rx_offload": "off [fixed]",
                "tls_hw_tx_offload": "off [fixed]",
                "tx_checksum_fcoe_crc": "off [fixed]",
                "tx_checksum_ip_generic": "on",
                "tx_checksum_ipv4": "off [fixed]",
                "tx_checksum_ipv6": "off [fixed]",
                "tx_checksum_sctp": "on",
                "tx_checksumming": "on",
                "tx_esp_segmentation": "off [fixed]",
                "tx_fcoe_segmentation": "off [fixed]",
                "tx_gre_csum_segmentation": "on",
                "tx_gre_segmentation": "on",
                "tx_gso_list": "off [fixed]",
                "tx_gso_partial": "on",
                "tx_gso_robust": "off [fixed]",
                "tx_ipxip4_segmentation": "on",
                "tx_ipxip6_segmentation": "on",
                "tx_nocache_copy": "off",
                "tx_scatter_gather": "on",
                "tx_scatter_gather_fraglist": "off [fixed]",
                "tx_sctp_segmentation": "off [fixed]",
                "tx_tcp6_segmentation": "on",
                "tx_tcp_ecn_segmentation": "on",
                "tx_tcp_mangleid_segmentation": "off",
                "tx_tcp_segmentation": "on",
                "tx_tunnel_remcsum_segmentation": "off [fixed]",
                "tx_udp_segmentation": "on",
                "tx_udp_tnl_csum_segmentation": "on",
                "tx_udp_tnl_segmentation": "on",
                "tx_vlan_offload": "on",
                "tx_vlan_stag_hw_insert": "off [fixed]",
                "vlan_challenged": "off [fixed]"
            },
            "hw_timestamp_filters": [],
            "macaddress": "3c:ec:ef:5d:48:01",
            "module": "i40e",
            "mtu": 1500,
            "pciid": "0000:44:00.1",
            "promisc": true,
            "speed": 1000,
            "timestamping": [],
            "type": "ether"
        },
        "ansible_env": {
            "HOME": "/root",
            "LANG": "en_US.UTF-8",
            "LOGNAME": "root",
            "LS_COLORS": "rs=0:di=01;34:ln=01;36:mh=00:pi=40;33:so=01;35:do=01;35:bd=40;33;01:cd=40;33;01:or=40;31;01:mi=01;37;41:su=37;41:sg=30;43:ca=30;41:tw=30;42:ow=34;42:st=37;44:ex=01;32:*.tar=01;31:*.tgz=01;31:*.arc=01;31:*.arj=01;31:*.taz=01;31:*.lha=01;31:*.lz4=01;31:*.lzh=01;31:*.lzma=01;31:*.tlz=01;31:*.txz=01;31:*.tzo=01;31:*.t7z=01;31:*.zip=01;31:*.z=01;31:*.dz=01;31:*.gz=01;31:*.lrz=01;31:*.lz=01;31:*.lzo=01;31:*.xz=01;31:*.zst=01;31:*.tzst=01;31:*.bz2=01;31:*.bz=01;31:*.tbz=01;31:*.tbz2=01;31:*.tz=01;31:*.deb=01;31:*.rpm=01;31:*.jar=01;31:*.war=01;31:*.ear=01;31:*.sar=01;31:*.rar=01;31:*.alz=01;31:*.ace=01;31:*.zoo=01;31:*.cpio=01;31:*.7z=01;31:*.rz=01;31:*.cab=01;31:*.wim=01;31:*.swm=01;31:*.dwm=01;31:*.esd=01;31:*.jpg=01;35:*.jpeg=01;35:*.mjpg=01;35:*.mjpeg=01;35:*.gif=01;35:*.bmp=01;35:*.pbm=01;35:*.pgm=01;35:*.ppm=01;35:*.tga=01;35:*.xbm=01;35:*.xpm=01;35:*.tif=01;35:*.tiff=01;35:*.png=01;35:*.svg=01;35:*.svgz=01;35:*.mng=01;35:*.pcx=01;35:*.mov=01;35:*.mpg=01;35:*.mpeg=01;35:*.m2v=01;35:*.mkv=01;35:*.webm=01;35:*.webp=01;35:*.ogm=01;35:*.mp4=01;35:*.m4v=01;35:*.mp4v=01;35:*.vob=01;35:*.qt=01;35:*.nuv=01;35:*.wmv=01;35:*.asf=01;35:*.rm=01;35:*.rmvb=01;35:*.flc=01;35:*.avi=01;35:*.fli=01;35:*.flv=01;35:*.gl=01;35:*.dl=01;35:*.xcf=01;35:*.xwd=01;35:*.yuv=01;35:*.cgm=01;35:*.emf=01;35:*.ogv=01;35:*.ogx=01;35:*.aac=01;36:*.au=01;36:*.flac=01;36:*.m4a=01;36:*.mid=01;36:*.midi=01;36:*.mka=01;36:*.mp3=01;36:*.mpc=01;36:*.ogg=01;36:*.ra=01;36:*.wav=01;36:*.oga=01;36:*.opus=01;36:*.spx=01;36:*.xspf=01;36:",
            "MAIL": "/var/mail/root",
            "PATH": "/sbin:/bin:/usr/sbin:/usr/bin",
            "PWD": "/home/ansible",
            "SHELL": "/bin/bash",
            "SHLVL": "0",
            "SUDO_COMMAND": "/bin/sh -c echo BECOME-SUCCESS-xehlyxrcfatymihbstbmswlkhryzibfx ; /usr/bin/python3.14 /home/ansible/.ansible/tmp/ansible-tmp-1788254075.463921-2361-242299847778784/AnsiballZ_setup.py",
            "SUDO_GID": "1001",
            "SUDO_HOME": "/home/ansible",
            "SUDO_TTY": "/dev/pts/0",
            "SUDO_UID": "1001",
            "SUDO_USER": "ansible",
            "TERM": "xterm-256color",
            "USER": "root",
            "_": "/usr/bin/python3.14"
        },
        "ansible_fibre_channel_wwn": [],
        "ansible_fips": false,
        "ansible_flags": [
            "fpu",
            "vme",
            "de",
            "pse",
            "tsc",
            "msr",
            "pae",
            "mce",
            "cx8",
            "apic",
            "sep",
            "mtrr",
            "pge",
            "mca",
            "cmov",
            "pat",
            "pse36",
            "clflush",
            "mmx",
            "fxsr",
            "sse",
            "sse2",
            "ht",
            "syscall",
            "nx",
            "mmxext",
            "fxsr_opt",
            "pdpe1gb",
            "rdtscp",
            "lm",
            "constant_tsc",
            "rep_good",
            "nopl",
            "xtopology",
            "nonstop_tsc",
            "cpuid",
            "extd_apicid",
            "aperfmperf",
            "rapl",
            "pni",
            "pclmulqdq",
            "monitor",
            "ssse3",
            "fma",
            "cx16",
            "sse4_1",
            "sse4_2",
            "movbe",
            "popcnt",
            "aes",
            "xsave",
            "avx",
            "f16c",
            "rdrand",
            "lahf_lm",
            "cmp_legacy",
            "svm",
            "extapic",
            "cr8_legacy",
            "abm",
            "sse4a",
            "misalignsse",
            "3dnowprefetch",
            "osvw",
            "ibs",
            "skinit",
            "wdt",
            "tce",
            "topoext",
            "perfctr_core",
            "perfctr_nb",
            "bpext",
            "perfctr_llc",
            "mwaitx",
            "cpb",
            "cat_l3",
            "cdp_l3",
            "hw_pstate",
            "ssbd",
            "mba",
            "ibrs",
            "ibpb",
            "stibp",
            "vmmcall",
            "fsgsbase",
            "bmi1",
            "avx2",
            "smep",
            "bmi2",
            "cqm",
            "rdt_a",
            "rdseed",
            "adx",
            "smap",
            "clflushopt",
            "clwb",
            "sha_ni",
            "xsaveopt",
            "xsavec",
            "xgetbv1",
            "xsaves",
            "cqm_llc",
            "cqm_occup_llc",
            "cqm_mbm_total",
            "cqm_mbm_local",
            "clzero",
            "irperf",
            "xsaveerptr",
            "rdpru",
            "wbnoinvd",
            "amd_ppin",
            "arat",
            "npt",
            "lbrv",
            "svm_lock",
            "nrip_save",
            "tsc_scale",
            "vmcb_clean",
            "flushbyasid",
            "decodeassists",
            "pausefilter",
            "pfthreshold",
            "avic",
            "v_vmsave_vmload",
            "vgif",
            "v_spec_ctrl",
            "umip",
            "rdpid",
            "overflow_recov",
            "succor",
            "smca",
            "sev",
            "sev_es"
        ],
        "ansible_form_factor": "Other",
        "ansible_fqdn": "33KW",
        "ansible_hostname": "33KW",
        "ansible_hostnqn": "nqn.2014-08.org.nvmexpress:uuid:48bb5000-54d3-11eb-8000-3cecef5d4800",
        "ansible_interfaces": [
            "br20",
            "enp68s0f1",
            "lo",
            "enp68s0f0"
        ],
        "ansible_is_chroot": false,
        "ansible_iscsi_iqn": "iqn.1994-05.com.redhat:a1ae1f1bc76",
        "ansible_kernel": "5.14.0-611.11.1.el9_7.x86_64",
        "ansible_kernel_version": "#1 SMP PREEMPT_DYNAMIC Tue Nov 25 05:13:22 EST 2025",
        "ansible_lo": {
            "active": true,
            "device": "lo",
            "features": {
                "esp_hw_offload": "off [fixed]",
                "esp_tx_csum_hw_offload": "off [fixed]",
                "generic_receive_offload": "on",
                "generic_segmentation_offload": "on",
                "highdma": "on [fixed]",
                "hsr_dup_offload": "off [fixed]",
                "hsr_fwd_offload": "off [fixed]",
                "hsr_tag_ins_offload": "off [fixed]",
                "hsr_tag_rm_offload": "off [fixed]",
                "hw_tc_offload": "off [fixed]",
                "l2_fwd_offload": "off [fixed]",
                "large_receive_offload": "off [fixed]",
                "loopback": "on [fixed]",
                "macsec_hw_offload": "off [fixed]",
                "ntuple_filters": "off [fixed]",
                "receive_hashing": "off [fixed]",
                "rx_all": "off [fixed]",
                "rx_checksumming": "on [fixed]",
                "rx_fcs": "off [fixed]",
                "rx_gro_hw": "off [fixed]",
                "rx_gro_list": "off",
                "rx_udp_gro_forwarding": "off",
                "rx_udp_tunnel_port_offload": "off [fixed]",
                "rx_vlan_filter": "off [fixed]",
                "rx_vlan_offload": "off [fixed]",
                "rx_vlan_stag_filter": "off [fixed]",
                "rx_vlan_stag_hw_parse": "off [fixed]",
                "scatter_gather": "on",
                "tcp_segmentation_offload": "on",
                "tls_hw_record": "off [fixed]",
                "tls_hw_rx_offload": "off [fixed]",
                "tls_hw_tx_offload": "off [fixed]",
                "tx_checksum_fcoe_crc": "off [fixed]",
                "tx_checksum_ip_generic": "on [fixed]",
                "tx_checksum_ipv4": "off [fixed]",
                "tx_checksum_ipv6": "off [fixed]",
                "tx_checksum_sctp": "on [fixed]",
                "tx_checksumming": "on",
                "tx_esp_segmentation": "off [fixed]",
                "tx_fcoe_segmentation": "off [fixed]",
                "tx_gre_csum_segmentation": "off [fixed]",
                "tx_gre_segmentation": "off [fixed]",
                "tx_gso_list": "on",
                "tx_gso_partial": "off [fixed]",
                "tx_gso_robust": "off [fixed]",
                "tx_ipxip4_segmentation": "off [fixed]",
                "tx_ipxip6_segmentation": "off [fixed]",
                "tx_nocache_copy": "off [fixed]",
                "tx_scatter_gather": "on [fixed]",
                "tx_scatter_gather_fraglist": "on [fixed]",
                "tx_sctp_segmentation": "on",
                "tx_tcp6_segmentation": "on",
                "tx_tcp_ecn_segmentation": "on",
                "tx_tcp_mangleid_segmentation": "on",
                "tx_tcp_segmentation": "on",
                "tx_tunnel_remcsum_segmentation": "off [fixed]",
                "tx_udp_segmentation": "on",
                "tx_udp_tnl_csum_segmentation": "off [fixed]",
                "tx_udp_tnl_segmentation": "off [fixed]",
                "tx_vlan_offload": "off [fixed]",
                "tx_vlan_stag_hw_insert": "off [fixed]",
                "vlan_challenged": "on [fixed]"
            },
            "hw_timestamp_filters": [],
            "ipv4": {
                "address": "127.0.0.1",
                "broadcast": "",
                "netmask": "255.0.0.0",
                "network": "127.0.0.0",
                "prefix": "8"
            },
            "ipv6": [
                {
                    "address": "::1",
                    "prefix": "128",
                    "scope": "host"
                }
            ],
            "mtu": 65536,
            "promisc": false,
            "timestamping": [],
            "type": "loopback"
        },
        "ansible_loadavg": {
            "15m": 0.0,
            "1m": 0.0,
            "5m": 0.0
        },
        "ansible_local": {},
        "ansible_locally_reachable_ips": {
            "ipv4": [
                "127.0.0.0/8",
                "127.0.0.1",
                "192.168.100.10"
            ],
            "ipv6": [
                "::1",
                "fe80::e62a:4cd:2dc1:7599"
            ]
        },
        "ansible_lsb": {},
        "ansible_lvm": {
            "lvs": {
                "home": {
                    "size_g": "371.54",
                    "vg": "rhel"
                },
                "root": {
                    "size_g": "70.00",
                    "vg": "rhel"
                },
                "swap": {
                    "size_g": "4.00",
                    "vg": "rhel"
                }
            },
            "pvs": {
                "/dev/sda3": {
                    "free_g": "0",
                    "size_g": "445.54",
                    "vg": "rhel"
                }
            },
            "vgs": {
                "rhel": {
                    "free_g": "0",
                    "lvs": {
                        "home": {
                            "size_g": "371.54"
                        },
                        "root": {
                            "size_g": "70.00"
                        },
                        "swap": {
                            "size_g": "4.00"
                        }
                    },
                    "num_lvs": "3",
                    "num_pvs": "1",
                    "size_g": "445.54"
                }
            }
        },
        "ansible_machine": "x86_64",
        "ansible_machine_id": "4bcf872a48c04ebf919ab61b4ec25fde",
        "ansible_memfree_mb": 117600,
        "ansible_memory_mb": {
            "nocache": {
                "free": 125902,
                "used": 2335
            },
            "real": {
                "free": 117600,
                "total": 128237,
                "used": 10637
            },
            "swap": {
                "cached": 0,
                "free": 4095,
                "total": 4095,
                "used": 0
            }
        },
        "ansible_memtotal_mb": 128237,
        "ansible_mounts": [
            {
                "block_available": 10837754,
                "block_size": 4096,
                "block_total": 18341120,
                "block_used": 7503366,
                "device": "/dev/mapper/rhel-root",
                "dump": 0,
                "fstype": "xfs",
                "inode_available": 36477418,
                "inode_total": 36700160,
                "inode_used": 222742,
                "mount": "/",
                "options": "rw,seclabel,relatime,attr2,inode64,logbufs=8,logbsize=32k,noquota",
                "passno": 0,
                "size_available": 44391440384,
                "size_total": 75125227520,
                "uuid": "dc16af16-a05e-4710-9e69-44c5578e3bf4"
            },
            {
                "block_available": 142170,
                "block_size": 4096,
                "block_total": 259584,
                "block_used": 117414,
                "device": "/dev/sda2",
                "dump": 0,
                "fstype": "xfs",
                "inode_available": 524190,
                "inode_total": 524288,
                "inode_used": 98,
                "mount": "/boot",
                "options": "rw,seclabel,relatime,attr2,inode64,logbufs=8,logbsize=32k,noquota",
                "passno": 0,
                "size_available": 582328320,
                "size_total": 1063256064,
                "uuid": "b3a25f30-9881-4d8b-a4ae-4f390dac7ae7"
            },
            {
                "block_available": 96580187,
                "block_size": 4096,
                "block_total": 97350203,
                "block_used": 770016,
                "device": "/dev/mapper/rhel-home",
                "dump": 0,
                "fstype": "xfs",
                "inode_available": 194778276,
                "inode_total": 194795520,
                "inode_used": 17244,
                "mount": "/home",
                "options": "rw,seclabel,relatime,attr2,inode64,logbufs=8,logbsize=32k,noquota",
                "passno": 0,
                "size_available": 395592445952,
                "size_total": 398746431488,
                "uuid": "eee7f419-c424-42e8-887b-c364ea88a15f"
            },
            {
                "block_available": 151335,
                "block_size": 4096,
                "block_total": 153290,
                "block_used": 1955,
                "device": "/dev/sda1",
                "dump": 0,
                "fstype": "vfat",
                "inode_available": 0,
                "inode_total": 0,
                "inode_used": 0,
                "mount": "/boot/efi",
                "options": "rw,relatime,fmask=0077,dmask=0077,codepage=437,iocharset=ascii,shortname=winnt,errors=remount-ro",
                "passno": 0,
                "size_available": 619868160,
                "size_total": 627875840,
                "uuid": "408B-F4F2"
            }
        ],
        "ansible_nodename": "33KW",
        "ansible_os_family": "RedHat",
        "ansible_pkg_mgr": "dnf",
        "ansible_proc_cmdline": {
            "BOOT_IMAGE": "(hd1,gpt2)/vmlinuz-5.14.0-611.11.1.el9_7.x86_64",
            "crashkernel": "1G-2G:192M,2G-64G:256M,64G-:512M",
            "quiet": true,
            "rd.lvm.lv": [
                "rhel/root",
                "rhel/swap"
            ],
            "resume": "/dev/mapper/rhel-swap",
            "rhgb": true,
            "ro": true,
            "root": "/dev/mapper/rhel-root"
        },
        "ansible_processor": [
            "0",
            "AuthenticAMD",
            "AMD EPYC 7302 16-Core Processor",
            "1",
            "AuthenticAMD",
            "AMD EPYC 7302 16-Core Processor",
            "2",
            "AuthenticAMD",
            "AMD EPYC 7302 16-Core Processor",
            "3",
            "AuthenticAMD",
            "AMD EPYC 7302 16-Core Processor",
            "4",
            "AuthenticAMD",
            "AMD EPYC 7302 16-Core Processor",
            "5",
            "AuthenticAMD",
            "AMD EPYC 7302 16-Core Processor",
            "6",
            "AuthenticAMD",
            "AMD EPYC 7302 16-Core Processor",
            "7",
            "AuthenticAMD",
            "AMD EPYC 7302 16-Core Processor",
            "8",
            "AuthenticAMD",
            "AMD EPYC 7302 16-Core Processor",
            "9",
            "AuthenticAMD",
            "AMD EPYC 7302 16-Core Processor",
            "10",
            "AuthenticAMD",
            "AMD EPYC 7302 16-Core Processor",
            "11",
            "AuthenticAMD",
            "AMD EPYC 7302 16-Core Processor",
            "12",
            "AuthenticAMD",
            "AMD EPYC 7302 16-Core Processor",
            "13",
            "AuthenticAMD",
            "AMD EPYC 7302 16-Core Processor",
            "14",
            "AuthenticAMD",
            "AMD EPYC 7302 16-Core Processor",
            "15",
            "AuthenticAMD",
            "AMD EPYC 7302 16-Core Processor",
            "16",
            "AuthenticAMD",
            "AMD EPYC 7302 16-Core Processor",
            "17",
            "AuthenticAMD",
            "AMD EPYC 7302 16-Core Processor",
            "18",
            "AuthenticAMD",
            "AMD EPYC 7302 16-Core Processor",
            "19",
            "AuthenticAMD",
            "AMD EPYC 7302 16-Core Processor",
            "20",
            "AuthenticAMD",
            "AMD EPYC 7302 16-Core Processor",
            "21",
            "AuthenticAMD",
            "AMD EPYC 7302 16-Core Processor",
            "22",
            "AuthenticAMD",
            "AMD EPYC 7302 16-Core Processor",
            "23",
            "AuthenticAMD",
            "AMD EPYC 7302 16-Core Processor",
            "24",
            "AuthenticAMD",
            "AMD EPYC 7302 16-Core Processor",
            "25",
            "AuthenticAMD",
            "AMD EPYC 7302 16-Core Processor",
            "26",
            "AuthenticAMD",
            "AMD EPYC 7302 16-Core Processor",
            "27",
            "AuthenticAMD",
            "AMD EPYC 7302 16-Core Processor",
            "28",
            "AuthenticAMD",
            "AMD EPYC 7302 16-Core Processor",
            "29",
            "AuthenticAMD",
            "AMD EPYC 7302 16-Core Processor",
            "30",
            "AuthenticAMD",
            "AMD EPYC 7302 16-Core Processor",
            "31",
            "AuthenticAMD",
            "AMD EPYC 7302 16-Core Processor",
            "32",
            "AuthenticAMD",
            "AMD EPYC 7302 16-Core Processor",
            "33",
            "AuthenticAMD",
            "AMD EPYC 7302 16-Core Processor",
            "34",
            "AuthenticAMD",
            "AMD EPYC 7302 16-Core Processor",
            "35",
            "AuthenticAMD",
            "AMD EPYC 7302 16-Core Processor",
            "36",
            "AuthenticAMD",
            "AMD EPYC 7302 16-Core Processor",
            "37",
            "AuthenticAMD",
            "AMD EPYC 7302 16-Core Processor",
            "38",
            "AuthenticAMD",
            "AMD EPYC 7302 16-Core Processor",
            "39",
            "AuthenticAMD",
            "AMD EPYC 7302 16-Core Processor",
            "40",
            "AuthenticAMD",
            "AMD EPYC 7302 16-Core Processor",
            "41",
            "AuthenticAMD",
            "AMD EPYC 7302 16-Core Processor",
            "42",
            "AuthenticAMD",
            "AMD EPYC 7302 16-Core Processor",
            "43",
            "AuthenticAMD",
            "AMD EPYC 7302 16-Core Processor",
            "44",
            "AuthenticAMD",
            "AMD EPYC 7302 16-Core Processor",
            "45",
            "AuthenticAMD",
            "AMD EPYC 7302 16-Core Processor",
            "46",
            "AuthenticAMD",
            "AMD EPYC 7302 16-Core Processor",
            "47",
            "AuthenticAMD",
            "AMD EPYC 7302 16-Core Processor",
            "48",
            "AuthenticAMD",
            "AMD EPYC 7302 16-Core Processor",
            "49",
            "AuthenticAMD",
            "AMD EPYC 7302 16-Core Processor",
            "50",
            "AuthenticAMD",
            "AMD EPYC 7302 16-Core Processor",
            "51",
            "AuthenticAMD",
            "AMD EPYC 7302 16-Core Processor",
            "52",
            "AuthenticAMD",
            "AMD EPYC 7302 16-Core Processor",
            "53",
            "AuthenticAMD",
            "AMD EPYC 7302 16-Core Processor",
            "54",
            "AuthenticAMD",
            "AMD EPYC 7302 16-Core Processor",
            "55",
            "AuthenticAMD",
            "AMD EPYC 7302 16-Core Processor",
            "56",
            "AuthenticAMD",
            "AMD EPYC 7302 16-Core Processor",
            "57",
            "AuthenticAMD",
            "AMD EPYC 7302 16-Core Processor",
            "58",
            "AuthenticAMD",
            "AMD EPYC 7302 16-Core Processor",
            "59",
            "AuthenticAMD",
            "AMD EPYC 7302 16-Core Processor",
            "60",
            "AuthenticAMD",
            "AMD EPYC 7302 16-Core Processor",
            "61",
            "AuthenticAMD",
            "AMD EPYC 7302 16-Core Processor",
            "62",
            "AuthenticAMD",
            "AMD EPYC 7302 16-Core Processor",
            "63",
            "AuthenticAMD",
            "AMD EPYC 7302 16-Core Processor"
        ],
        "ansible_processor_cores": 16,
        "ansible_processor_count": 2,
        "ansible_processor_nproc": 64,
        "ansible_processor_threads_per_core": 2,
        "ansible_processor_vcpus": 64,
        "ansible_product_name": "AS -2024US-TRT",
        "ansible_product_serial": "A412679X1306719",
        "ansible_product_uuid": "48bb5000-54d3-11eb-8000-3cecef5d4800",
        "ansible_product_version": "0123456789",
        "ansible_python": {
            "executable": "/usr/bin/python3.14",
            "has_sslcontext": true,
            "type": "cpython",
            "version": {
                "major": 3,
                "micro": 7,
                "minor": 14,
                "releaselevel": "final",
                "serial": 0
            },
            "version_info": [
                3,
                14,
                7,
                "final",
                0
            ]
        },
        "ansible_python_version": "3.14.7",
        "ansible_real_group_id": 0,
        "ansible_real_user_id": 0,
        "ansible_selinux": {
            "config_mode": "enforcing",
            "mode": "enforcing",
            "policyvers": 33,
            "status": "enabled",
            "type": "targeted"
        },
        "ansible_selinux_python_present": true,
        "ansible_service_mgr": "systemd",
        "ansible_ssh_host_key_ecdsa_public": "AAAAE2VjZHNhLXNoYTItbmlzdHAyNTYAAAAIbmlzdHAyNTYAAABBBIWAQHo/wzDyeI+w9suz9O1DcNCVnlTVNtGbi0H044gW0HnR1AHZPUlprVxTSAmLhN+zO1mfdlXSnOGIiEuA16k=",
        "ansible_ssh_host_key_ecdsa_public_keytype": "ecdsa-sha2-nistp256",
        "ansible_ssh_host_key_ed25519_public": "AAAAC3NzaC1lZDI1NTE5AAAAIBY44Q0e4k6Zx6U26gK/aI1Fc0/8cGluKW6UocsXZpjC",
        "ansible_ssh_host_key_ed25519_public_keytype": "ssh-ed25519",
        "ansible_ssh_host_key_rsa_public": "AAAAB3NzaC1yc2EAAAADAQABAAABgQCSMtsDys4WTN8B31GUym+oPvE6kAX7xEqk7JZXVK7y6lzxWQPpwIs4JWCdkXmyzdL0Hg4SdrFH9V51SLCF3aeMREGgvCw3eLJu9KjoHJLX4rYgTHIRJ4+8yAtm/vAbyIRGVo5za0OwQE2GhxM8rVpGYJEAZyngfNBbPLu1MNk2aXdd6xV0zUrirEES3rxLOCsikfvx2zepoQFz1Yqll3L1wVjQdxRrlnPvugvC7NkmTWqG2BPsuohya4elhYJ1/S4UEYUlTKbowdeAX1hyX7BDTi9W8uEAPsehwMbhEZjLXF9mtFlFnPp3AKKh+TNxQVWrGhpjgXYIoEsPklGVyhusjljZrQyL1/vOrFlbR9CwLM6JXPJHOT9fhH/ByVeJ088LwBCAQDZANWB4ddMRZ7WLVBLQLtQ4dNaAjLyAMqKoKgiupXXmXTaCAJKdYRjURtP9tVd0cJVOOhMYiYlG0dn0hi5YEH7ostaojj7qUrLs8M7GRg3SWvQLuOBbvL0aZak=",
        "ansible_ssh_host_key_rsa_public_keytype": "ssh-rsa",
        "ansible_swapfree_mb": 4095,
        "ansible_swaptotal_mb": 4095,
        "ansible_system": "Linux",
        "ansible_system_capabilities": [],
        "ansible_system_capabilities_enforced": "False",
        "ansible_system_vendor": "Supermicro",
        "ansible_systemd": {
            "features": "+PAM +AUDIT +SELINUX -APPARMOR +IMA +SMACK +SECCOMP +GCRYPT +GNUTLS +OPENSSL +ACL +BLKID +CURL +ELFUTILS +FIDO2 +IDN2 -IDN -IPTC +KMOD +LIBCRYPTSETUP +LIBFDISK +PCRE2 -PWQUALITY +P11KIT -QRENCODE +TPM2 +BZIP2 +LZ4 +XZ +ZLIB +ZSTD -BPF_FRAMEWORK +XKBCOMMON +UTMP +SYSVINIT default-hierarchy=unified",
            "version": 252
        },
        "ansible_uptime_seconds": 3029295,
        "ansible_user_dir": "/root",
        "ansible_user_gecos": "root",
        "ansible_user_gid": 0,
        "ansible_user_id": "root",
        "ansible_user_shell": "/bin/bash",
        "ansible_user_uid": 0,
        "ansible_userspace_architecture": "x86_64",
        "ansible_userspace_bits": "64",
        "ansible_virtualization_role": "host",
        "ansible_virtualization_tech_guest": [],
        "ansible_virtualization_tech_host": [
            "kvm"
        ],
        "ansible_virtualization_type": "kvm",
        "discovered_interpreter_python": "/usr/bin/python3.14",
        "gather_subset": [
            "all"
        ],
        "module_setup": true
    },
    "changed": false
}
2026-09-01 17:15:46,043 p=2382 u=ansible n=ansible WARNING| [WARNING]: Host '192.168.100.10' is using the discovered Python interpreter at '/usr/bin/python3.14', but future installation of another Python interpreter could cause a different interpreter to be discovered. See https://docs.ansible.com/ansible-core/2.20/reference_appendices/interpreter_discovery.html for more information.

2026-09-01 17:15:46,053 p=2382 u=ansible n=ansible INFO| 192.168.100.10 | SUCCESS => {
    "ansible_facts": {
        "ansible_all_ipv4_addresses": [
            "192.168.100.10"
        ],
        "ansible_all_ipv6_addresses": [
            "fe80::e62a:4cd:2dc1:7599"
        ],
        "ansible_apparmor": {
            "status": "disabled"
        },
        "ansible_architecture": "x86_64",
        "ansible_bios_date": "09/22/2025",
        "ansible_bios_vendor": "American Megatrends Inc.",
        "ansible_bios_version": "3.5",
        "ansible_board_asset_tag": "To be filled by O.E.M.",
        "ansible_board_name": "H12DSU-iN",
        "ansible_board_serial": "UM20CS602065",
        "ansible_board_vendor": "Supermicro",
        "ansible_board_version": "1.01",
        "ansible_br20": {
            "active": true,
            "device": "br20",
            "features": {
                "esp_hw_offload": "off [fixed]",
                "esp_tx_csum_hw_offload": "off [fixed]",
                "generic_receive_offload": "on",
                "generic_segmentation_offload": "on",
                "highdma": "on",
                "hsr_dup_offload": "off [fixed]",
                "hsr_fwd_offload": "off [fixed]",
                "hsr_tag_ins_offload": "off [fixed]",
                "hsr_tag_rm_offload": "off [fixed]",
                "hw_tc_offload": "off [fixed]",
                "l2_fwd_offload": "off [fixed]",
                "large_receive_offload": "off [fixed]",
                "loopback": "off [fixed]",
                "macsec_hw_offload": "off [fixed]",
                "ntuple_filters": "off [fixed]",
                "receive_hashing": "off [fixed]",
                "rx_all": "off [fixed]",
                "rx_checksumming": "off [fixed]",
                "rx_fcs": "off [fixed]",
                "rx_gro_hw": "off [fixed]",
                "rx_gro_list": "off",
                "rx_udp_gro_forwarding": "off",
                "rx_udp_tunnel_port_offload": "off [fixed]",
                "rx_vlan_filter": "off [fixed]",
                "rx_vlan_offload": "off [fixed]",
                "rx_vlan_stag_filter": "off [fixed]",
                "rx_vlan_stag_hw_parse": "off [fixed]",
                "scatter_gather": "on",
                "tcp_segmentation_offload": "on",
                "tls_hw_record": "off [fixed]",
                "tls_hw_rx_offload": "off [fixed]",
                "tls_hw_tx_offload": "off [fixed]",
                "tx_checksum_fcoe_crc": "off [fixed]",
                "tx_checksum_ip_generic": "on",
                "tx_checksum_ipv4": "off [fixed]",
                "tx_checksum_ipv6": "off [fixed]",
                "tx_checksum_sctp": "off [fixed]",
                "tx_checksumming": "on",
                "tx_esp_segmentation": "on",
                "tx_fcoe_segmentation": "off [requested on]",
                "tx_gre_csum_segmentation": "on",
                "tx_gre_segmentation": "on",
                "tx_gso_list": "off [requested on]",
                "tx_gso_partial": "on",
                "tx_gso_robust": "off [requested on]",
                "tx_ipxip4_segmentation": "on",
                "tx_ipxip6_segmentation": "on",
                "tx_nocache_copy": "off",
                "tx_scatter_gather": "on",
                "tx_scatter_gather_fraglist": "off [requested on]",
                "tx_sctp_segmentation": "off [requested on]",
                "tx_tcp6_segmentation": "on",
                "tx_tcp_ecn_segmentation": "on",
                "tx_tcp_mangleid_segmentation": "on",
                "tx_tcp_segmentation": "on",
                "tx_tunnel_remcsum_segmentation": "on",
                "tx_udp_segmentation": "on",
                "tx_udp_tnl_csum_segmentation": "on",
                "tx_udp_tnl_segmentation": "on",
                "tx_vlan_offload": "on",
                "tx_vlan_stag_hw_insert": "on",
                "vlan_challenged": "off [fixed]"
            },
            "hw_timestamp_filters": [],
            "id": "8000.3cecef5d4801",
            "interfaces": [
                "enp68s0f1"
            ],
            "ipv4": {
                "address": "192.168.100.10",
                "broadcast": "192.168.100.255",
                "netmask": "255.255.255.0",
                "network": "192.168.100.0",
                "prefix": "24"
            },
            "ipv6": [
                {
                    "address": "fe80::e62a:4cd:2dc1:7599",
                    "prefix": "64",
                    "scope": "link"
                }
            ],
            "macaddress": "3c:ec:ef:5d:48:01",
            "mtu": 1500,
            "promisc": false,
            "speed": 1000,
            "stp": true,
            "timestamping": [],
            "type": "bridge"
        },
        "ansible_chassis_asset_tag": "To be filled by O.E.M.",
        "ansible_chassis_serial": "C829UAK09P20269",
        "ansible_chassis_vendor": "Supermicro",
        "ansible_chassis_version": "0123456789",
        "ansible_cmdline": {
            "BOOT_IMAGE": "(hd1,gpt2)/vmlinuz-5.14.0-611.11.1.el9_7.x86_64",
            "crashkernel": "1G-2G:192M,2G-64G:256M,64G-:512M",
            "quiet": true,
            "rd.lvm.lv": "rhel/swap",
            "resume": "/dev/mapper/rhel-swap",
            "rhgb": true,
            "ro": true,
            "root": "/dev/mapper/rhel-root"
        },
        "ansible_date_time": {
            "date": "2026-09-01",
            "day": "01",
            "epoch": "1788254145",
            "epoch_int": "1788254145",
            "hour": "17",
            "iso8601": "2026-09-01T09:15:45Z",
            "iso8601_basic": "20260901T171545410533",
            "iso8601_basic_short": "20260901T171545",
            "iso8601_micro": "2026-09-01T09:15:45.410533Z",
            "minute": "15",
            "month": "09",
            "second": "45",
            "time": "17:15:45",
            "tz": "CST",
            "tz_dst": "CST",
            "tz_offset": "+0800",
            "weekday": "Tuesday",
            "weekday_number": "2",
            "weeknumber": "35",
            "year": "2026"
        },
        "ansible_default_ipv4": {
            "address": "192.168.100.10",
            "alias": "br20",
            "broadcast": "192.168.100.255",
            "gateway": "192.168.100.1",
            "interface": "br20",
            "macaddress": "3c:ec:ef:5d:48:01",
            "mtu": 1500,
            "netmask": "255.255.255.0",
            "network": "192.168.100.0",
            "prefix": "24",
            "type": "bridge"
        },
        "ansible_default_ipv6": {},
        "ansible_device_links": {
            "ids": {
                "dm-0": [
                    "dm-name-rhel-root",
                    "dm-uuid-LVM-DOD9ROtkXXpDmFwLWj24wFgFgldsS2K9Ofw04jefZaM7OV4oF9KcVpuafbKwcAwa"
                ],
                "dm-1": [
                    "dm-name-rhel-swap",
                    "dm-uuid-LVM-DOD9ROtkXXpDmFwLWj24wFgFgldsS2K9bMf7b5RbwkXlm1dWY48afyw70iqa5B6s"
                ],
                "dm-2": [
                    "dm-name-rhel-home",
                    "dm-uuid-LVM-DOD9ROtkXXpDmFwLWj24wFgFgldsS2K9Blrx53kD54ZOssIXvYxBNM1ejwUr1U8M"
                ],
                "sda": [
                    "ata-INTEL_SSDSC2KG480G8_PHYG04010003480BGN",
                    "scsi-0ATA_INTEL_SSDSC2KG48_PHYG04010003480BGN",
                    "scsi-1ATA_INTEL_SSDSC2KG480G8_PHYG04010003480BGN",
                    "scsi-355cd2e41530aa3d0",
                    "scsi-SATA_INTEL_SSDSC2KG48_PHYG04010003480BGN",
                    "wwn-0x55cd2e41530aa3d0"
                ],
                "sda1": [
                    "ata-INTEL_SSDSC2KG480G8_PHYG04010003480BGN-part1",
                    "scsi-0ATA_INTEL_SSDSC2KG48_PHYG04010003480BGN-part1",
                    "scsi-1ATA_INTEL_SSDSC2KG480G8_PHYG04010003480BGN-part1",
                    "scsi-355cd2e41530aa3d0-part1",
                    "scsi-SATA_INTEL_SSDSC2KG48_PHYG04010003480BGN-part1",
                    "wwn-0x55cd2e41530aa3d0-part1"
                ],
                "sda2": [
                    "ata-INTEL_SSDSC2KG480G8_PHYG04010003480BGN-part2",
                    "scsi-0ATA_INTEL_SSDSC2KG48_PHYG04010003480BGN-part2",
                    "scsi-1ATA_INTEL_SSDSC2KG480G8_PHYG04010003480BGN-part2",
                    "scsi-355cd2e41530aa3d0-part2",
                    "scsi-SATA_INTEL_SSDSC2KG48_PHYG04010003480BGN-part2",
                    "wwn-0x55cd2e41530aa3d0-part2"
                ],
                "sda3": [
                    "ata-INTEL_SSDSC2KG480G8_PHYG04010003480BGN-part3",
                    "lvm-pv-uuid-hiMFhC-HnTM-eEM3-PhCG-DP8c-bDIK-oqsD1t",
                    "scsi-0ATA_INTEL_SSDSC2KG48_PHYG04010003480BGN-part3",
                    "scsi-1ATA_INTEL_SSDSC2KG480G8_PHYG04010003480BGN-part3",
                    "scsi-355cd2e41530aa3d0-part3",
                    "scsi-SATA_INTEL_SSDSC2KG48_PHYG04010003480BGN-part3",
                    "wwn-0x55cd2e41530aa3d0-part3"
                ],
                "sdb": [
                    "ata-INTEL_SSDSC2KG480G8_PHYG040201FS480BGN",
                    "scsi-0ATA_INTEL_SSDSC2KG48_PHYG040201FS480BGN",
                    "scsi-1ATA_INTEL_SSDSC2KG480G8_PHYG040201FS480BGN",
                    "scsi-355cd2e41530ad0b2",
                    "scsi-SATA_INTEL_SSDSC2KG48_PHYG040201FS480BGN",
                    "wwn-0x55cd2e41530ad0b2"
                ]
            },
            "labels": {},
            "masters": {
                "sda3": [
                    "dm-0",
                    "dm-1",
                    "dm-2"
                ]
            },
            "uuids": {
                "dm-0": [
                    "dc16af16-a05e-4710-9e69-44c5578e3bf4"
                ],
                "dm-1": [
                    "b2162a23-d394-4d5b-a13f-54db7d7ec1a4"
                ],
                "dm-2": [
                    "eee7f419-c424-42e8-887b-c364ea88a15f"
                ],
                "sda1": [
                    "408B-F4F2"
                ],
                "sda2": [
                    "b3a25f30-9881-4d8b-a4ae-4f390dac7ae7"
                ]
            }
        },
        "ansible_devices": {
            "dm-0": {
                "holders": [],
                "host": "",
                "links": {
                    "ids": [
                        "dm-name-rhel-root",
                        "dm-uuid-LVM-DOD9ROtkXXpDmFwLWj24wFgFgldsS2K9Ofw04jefZaM7OV4oF9KcVpuafbKwcAwa"
                    ],
                    "labels": [],
                    "masters": [],
                    "uuids": [
                        "dc16af16-a05e-4710-9e69-44c5578e3bf4"
                    ]
                },
                "model": null,
                "partitions": {},
                "removable": "0",
                "rotational": "0",
                "sas_address": null,
                "sas_device_handle": null,
                "scheduler_mode": "",
                "sectors": 146800640,
                "sectorsize": "512",
                "serial": "PHYG04010003480BGN",
                "size": "70.00 GB",
                "support_discard": "4096",
                "vendor": null,
                "virtual": 1
            },
            "dm-1": {
                "holders": [],
                "host": "",
                "links": {
                    "ids": [
                        "dm-name-rhel-swap",
                        "dm-uuid-LVM-DOD9ROtkXXpDmFwLWj24wFgFgldsS2K9bMf7b5RbwkXlm1dWY48afyw70iqa5B6s"
                    ],
                    "labels": [],
                    "masters": [],
                    "uuids": [
                        "b2162a23-d394-4d5b-a13f-54db7d7ec1a4"
                    ]
                },
                "model": null,
                "partitions": {},
                "removable": "0",
                "rotational": "0",
                "sas_address": null,
                "sas_device_handle": null,
                "scheduler_mode": "",
                "sectors": 8388608,
                "sectorsize": "512",
                "serial": "PHYG04010003480BGN",
                "size": "4.00 GB",
                "support_discard": "4096",
                "vendor": null,
                "virtual": 1
            },
            "dm-2": {
                "holders": [],
                "host": "",
                "links": {
                    "ids": [
                        "dm-name-rhel-home",
                        "dm-uuid-LVM-DOD9ROtkXXpDmFwLWj24wFgFgldsS2K9Blrx53kD54ZOssIXvYxBNM1ejwUr1U8M"
                    ],
                    "labels": [],
                    "masters": [],
                    "uuids": [
                        "eee7f419-c424-42e8-887b-c364ea88a15f"
                    ]
                },
                "model": null,
                "partitions": {},
                "removable": "0",
                "rotational": "0",
                "sas_address": null,
                "sas_device_handle": null,
                "scheduler_mode": "",
                "sectors": 779182080,
                "sectorsize": "512",
                "serial": "PHYG04010003480BGN",
                "size": "371.54 GB",
                "support_discard": "4096",
                "vendor": null,
                "virtual": 1
            },
            "sda": {
                "holders": [],
                "host": "SATA controller: Advanced Micro Devices, Inc. [AMD] FCH SATA Controller [AHCI mode] (rev 51)",
                "links": {
                    "ids": [
                        "ata-INTEL_SSDSC2KG480G8_PHYG04010003480BGN",
                        "scsi-0ATA_INTEL_SSDSC2KG48_PHYG04010003480BGN",
                        "scsi-1ATA_INTEL_SSDSC2KG480G8_PHYG04010003480BGN",
                        "scsi-355cd2e41530aa3d0",
                        "scsi-SATA_INTEL_SSDSC2KG48_PHYG04010003480BGN",
                        "wwn-0x55cd2e41530aa3d0"
                    ],
                    "labels": [],
                    "masters": [],
                    "uuids": []
                },
                "model": "INTEL SSDSC2KG48",
                "partitions": {
                    "sda1": {
                        "holders": [],
                        "links": {
                            "ids": [
                                "ata-INTEL_SSDSC2KG480G8_PHYG04010003480BGN-part1",
                                "scsi-0ATA_INTEL_SSDSC2KG48_PHYG04010003480BGN-part1",
                                "scsi-1ATA_INTEL_SSDSC2KG480G8_PHYG04010003480BGN-part1",
                                "scsi-355cd2e41530aa3d0-part1",
                                "scsi-SATA_INTEL_SSDSC2KG48_PHYG04010003480BGN-part1",
                                "wwn-0x55cd2e41530aa3d0-part1"
                            ],
                            "labels": [],
                            "masters": [],
                            "uuids": [
                                "408B-F4F2"
                            ]
                        },
                        "sectors": 1228800,
                        "sectorsize": 512,
                        "size": "600.00 MB",
                        "start": "2048",
                        "uuid": "408B-F4F2"
                    },
                    "sda2": {
                        "holders": [],
                        "links": {
                            "ids": [
                                "ata-INTEL_SSDSC2KG480G8_PHYG04010003480BGN-part2",
                                "scsi-0ATA_INTEL_SSDSC2KG48_PHYG04010003480BGN-part2",
                                "scsi-1ATA_INTEL_SSDSC2KG480G8_PHYG04010003480BGN-part2",
                                "scsi-355cd2e41530aa3d0-part2",
                                "scsi-SATA_INTEL_SSDSC2KG48_PHYG04010003480BGN-part2",
                                "wwn-0x55cd2e41530aa3d0-part2"
                            ],
                            "labels": [],
                            "masters": [],
                            "uuids": [
                                "b3a25f30-9881-4d8b-a4ae-4f390dac7ae7"
                            ]
                        },
                        "sectors": 2097152,
                        "sectorsize": 512,
                        "size": "1.00 GB",
                        "start": "1230848",
                        "uuid": "b3a25f30-9881-4d8b-a4ae-4f390dac7ae7"
                    },
                    "sda3": {
                        "holders": [
                            "rhel-swap",
                            "rhel-home",
                            "rhel-root"
                        ],
                        "links": {
                            "ids": [
                                "ata-INTEL_SSDSC2KG480G8_PHYG04010003480BGN-part3",
                                "lvm-pv-uuid-hiMFhC-HnTM-eEM3-PhCG-DP8c-bDIK-oqsD1t",
                                "scsi-0ATA_INTEL_SSDSC2KG48_PHYG04010003480BGN-part3",
                                "scsi-1ATA_INTEL_SSDSC2KG480G8_PHYG04010003480BGN-part3",
                                "scsi-355cd2e41530aa3d0-part3",
                                "scsi-SATA_INTEL_SSDSC2KG48_PHYG04010003480BGN-part3",
                                "wwn-0x55cd2e41530aa3d0-part3"
                            ],
                            "labels": [],
                            "masters": [
                                "dm-0",
                                "dm-1",
                                "dm-2"
                            ],
                            "uuids": []
                        },
                        "sectors": 934373376,
                        "sectorsize": 512,
                        "size": "445.54 GB",
                        "start": "3328000",
                        "uuid": null
                    }
                },
                "removable": "0",
                "rotational": "0",
                "sas_address": null,
                "sas_device_handle": null,
                "scheduler_mode": "mq-deadline",
                "sectors": 937703088,
                "sectorsize": "512",
                "serial": "PHYG04010003480BGN",
                "size": "447.13 GB",
                "support_discard": "4096",
                "vendor": "ATA",
                "virtual": 1,
                "wwn": "0x55cd2e41530aa3d0"
            },
            "sdb": {
                "holders": [],
                "host": "SATA controller: Advanced Micro Devices, Inc. [AMD] FCH SATA Controller [AHCI mode] (rev 51)",
                "links": {
                    "ids": [
                        "ata-INTEL_SSDSC2KG480G8_PHYG040201FS480BGN",
                        "scsi-0ATA_INTEL_SSDSC2KG48_PHYG040201FS480BGN",
                        "scsi-1ATA_INTEL_SSDSC2KG480G8_PHYG040201FS480BGN",
                        "scsi-355cd2e41530ad0b2",
                        "scsi-SATA_INTEL_SSDSC2KG48_PHYG040201FS480BGN",
                        "wwn-0x55cd2e41530ad0b2"
                    ],
                    "labels": [],
                    "masters": [],
                    "uuids": []
                },
                "model": "INTEL SSDSC2KG48",
                "partitions": {},
                "removable": "0",
                "rotational": "0",
                "sas_address": null,
                "sas_device_handle": null,
                "scheduler_mode": "mq-deadline",
                "sectors": 937703088,
                "sectorsize": "512",
                "serial": "PHYG040201FS480BGN",
                "size": "447.13 GB",
                "support_discard": "4096",
                "vendor": "ATA",
                "virtual": 1,
                "wwn": "0x55cd2e41530ad0b2"
            }
        },
        "ansible_distribution": "RedHat",
        "ansible_distribution_file_parsed": true,
        "ansible_distribution_file_path": "/etc/redhat-release",
        "ansible_distribution_file_search_string": "Red Hat",
        "ansible_distribution_file_variety": "RedHat",
        "ansible_distribution_major_version": "9",
        "ansible_distribution_release": "Plow",
        "ansible_distribution_version": "9.8",
        "ansible_dns": {
            "nameservers": [
                "8.8.8.8"
            ]
        },
        "ansible_domain": "",
        "ansible_effective_group_id": 0,
        "ansible_effective_user_id": 0,
        "ansible_enp68s0f0": {
            "active": false,
            "device": "enp68s0f0",
            "features": {
                "esp_hw_offload": "off [fixed]",
                "esp_tx_csum_hw_offload": "off [fixed]",
                "generic_receive_offload": "on",
                "generic_segmentation_offload": "on",
                "highdma": "on",
                "hsr_dup_offload": "off [fixed]",
                "hsr_fwd_offload": "off [fixed]",
                "hsr_tag_ins_offload": "off [fixed]",
                "hsr_tag_rm_offload": "off [fixed]",
                "hw_tc_offload": "off",
                "l2_fwd_offload": "off",
                "large_receive_offload": "off [fixed]",
                "loopback": "off",
                "macsec_hw_offload": "off [fixed]",
                "ntuple_filters": "on",
                "receive_hashing": "on",
                "rx_all": "off [fixed]",
                "rx_checksumming": "on",
                "rx_fcs": "off [fixed]",
                "rx_gro_hw": "off [fixed]",
                "rx_gro_list": "off",
                "rx_udp_gro_forwarding": "off",
                "rx_udp_tunnel_port_offload": "on",
                "rx_vlan_filter": "on [fixed]",
                "rx_vlan_offload": "on",
                "rx_vlan_stag_filter": "off [fixed]",
                "rx_vlan_stag_hw_parse": "off [fixed]",
                "scatter_gather": "on",
                "tcp_segmentation_offload": "on",
                "tls_hw_record": "off [fixed]",
                "tls_hw_rx_offload": "off [fixed]",
                "tls_hw_tx_offload": "off [fixed]",
                "tx_checksum_fcoe_crc": "off [fixed]",
                "tx_checksum_ip_generic": "on",
                "tx_checksum_ipv4": "off [fixed]",
                "tx_checksum_ipv6": "off [fixed]",
                "tx_checksum_sctp": "on",
                "tx_checksumming": "on",
                "tx_esp_segmentation": "off [fixed]",
                "tx_fcoe_segmentation": "off [fixed]",
                "tx_gre_csum_segmentation": "on",
                "tx_gre_segmentation": "on",
                "tx_gso_list": "off [fixed]",
                "tx_gso_partial": "on",
                "tx_gso_robust": "off [fixed]",
                "tx_ipxip4_segmentation": "on",
                "tx_ipxip6_segmentation": "on",
                "tx_nocache_copy": "off",
                "tx_scatter_gather": "on",
                "tx_scatter_gather_fraglist": "off [fixed]",
                "tx_sctp_segmentation": "off [fixed]",
                "tx_tcp6_segmentation": "on",
                "tx_tcp_ecn_segmentation": "on",
                "tx_tcp_mangleid_segmentation": "off",
                "tx_tcp_segmentation": "on",
                "tx_tunnel_remcsum_segmentation": "off [fixed]",
                "tx_udp_segmentation": "on",
                "tx_udp_tnl_csum_segmentation": "on",
                "tx_udp_tnl_segmentation": "on",
                "tx_vlan_offload": "on",
                "tx_vlan_stag_hw_insert": "off [fixed]",
                "vlan_challenged": "off [fixed]"
            },
            "hw_timestamp_filters": [],
            "macaddress": "3c:ec:ef:5d:48:00",
            "module": "i40e",
            "mtu": 1500,
            "pciid": "0000:44:00.0",
            "promisc": false,
            "speed": -1,
            "timestamping": [],
            "type": "ether"
        },
        "ansible_enp68s0f1": {
            "active": true,
            "device": "enp68s0f1",
            "features": {
                "esp_hw_offload": "off [fixed]",
                "esp_tx_csum_hw_offload": "off [fixed]",
                "generic_receive_offload": "on",
                "generic_segmentation_offload": "on",
                "highdma": "on",
                "hsr_dup_offload": "off [fixed]",
                "hsr_fwd_offload": "off [fixed]",
                "hsr_tag_ins_offload": "off [fixed]",
                "hsr_tag_rm_offload": "off [fixed]",
                "hw_tc_offload": "off",
                "l2_fwd_offload": "off",
                "large_receive_offload": "off [fixed]",
                "loopback": "off",
                "macsec_hw_offload": "off [fixed]",
                "ntuple_filters": "on",
                "receive_hashing": "on",
                "rx_all": "off [fixed]",
                "rx_checksumming": "on",
                "rx_fcs": "off [fixed]",
                "rx_gro_hw": "off [fixed]",
                "rx_gro_list": "off",
                "rx_udp_gro_forwarding": "off",
                "rx_udp_tunnel_port_offload": "on",
                "rx_vlan_filter": "on [fixed]",
                "rx_vlan_offload": "on",
                "rx_vlan_stag_filter": "off [fixed]",
                "rx_vlan_stag_hw_parse": "off [fixed]",
                "scatter_gather": "on",
                "tcp_segmentation_offload": "on",
                "tls_hw_record": "off [fixed]",
                "tls_hw_rx_offload": "off [fixed]",
                "tls_hw_tx_offload": "off [fixed]",
                "tx_checksum_fcoe_crc": "off [fixed]",
                "tx_checksum_ip_generic": "on",
                "tx_checksum_ipv4": "off [fixed]",
                "tx_checksum_ipv6": "off [fixed]",
                "tx_checksum_sctp": "on",
                "tx_checksumming": "on",
                "tx_esp_segmentation": "off [fixed]",
                "tx_fcoe_segmentation": "off [fixed]",
                "tx_gre_csum_segmentation": "on",
                "tx_gre_segmentation": "on",
                "tx_gso_list": "off [fixed]",
                "tx_gso_partial": "on",
                "tx_gso_robust": "off [fixed]",
                "tx_ipxip4_segmentation": "on",
                "tx_ipxip6_segmentation": "on",
                "tx_nocache_copy": "off",
                "tx_scatter_gather": "on",
                "tx_scatter_gather_fraglist": "off [fixed]",
                "tx_sctp_segmentation": "off [fixed]",
                "tx_tcp6_segmentation": "on",
                "tx_tcp_ecn_segmentation": "on",
                "tx_tcp_mangleid_segmentation": "off",
                "tx_tcp_segmentation": "on",
                "tx_tunnel_remcsum_segmentation": "off [fixed]",
                "tx_udp_segmentation": "on",
                "tx_udp_tnl_csum_segmentation": "on",
                "tx_udp_tnl_segmentation": "on",
                "tx_vlan_offload": "on",
                "tx_vlan_stag_hw_insert": "off [fixed]",
                "vlan_challenged": "off [fixed]"
            },
            "hw_timestamp_filters": [],
            "macaddress": "3c:ec:ef:5d:48:01",
            "module": "i40e",
            "mtu": 1500,
            "pciid": "0000:44:00.1",
            "promisc": true,
            "speed": 1000,
            "timestamping": [],
            "type": "ether"
        },
        "ansible_env": {
            "HOME": "/root",
            "LANG": "en_US.UTF-8",
            "LOGNAME": "root",
            "LS_COLORS": "rs=0:di=01;34:ln=01;36:mh=00:pi=40;33:so=01;35:do=01;35:bd=40;33;01:cd=40;33;01:or=40;31;01:mi=01;37;41:su=37;41:sg=30;43:ca=30;41:tw=30;42:ow=34;42:st=37;44:ex=01;32:*.tar=01;31:*.tgz=01;31:*.arc=01;31:*.arj=01;31:*.taz=01;31:*.lha=01;31:*.lz4=01;31:*.lzh=01;31:*.lzma=01;31:*.tlz=01;31:*.txz=01;31:*.tzo=01;31:*.t7z=01;31:*.zip=01;31:*.z=01;31:*.dz=01;31:*.gz=01;31:*.lrz=01;31:*.lz=01;31:*.lzo=01;31:*.xz=01;31:*.zst=01;31:*.tzst=01;31:*.bz2=01;31:*.bz=01;31:*.tbz=01;31:*.tbz2=01;31:*.tz=01;31:*.deb=01;31:*.rpm=01;31:*.jar=01;31:*.war=01;31:*.ear=01;31:*.sar=01;31:*.rar=01;31:*.alz=01;31:*.ace=01;31:*.zoo=01;31:*.cpio=01;31:*.7z=01;31:*.rz=01;31:*.cab=01;31:*.wim=01;31:*.swm=01;31:*.dwm=01;31:*.esd=01;31:*.jpg=01;35:*.jpeg=01;35:*.mjpg=01;35:*.mjpeg=01;35:*.gif=01;35:*.bmp=01;35:*.pbm=01;35:*.pgm=01;35:*.ppm=01;35:*.tga=01;35:*.xbm=01;35:*.xpm=01;35:*.tif=01;35:*.tiff=01;35:*.png=01;35:*.svg=01;35:*.svgz=01;35:*.mng=01;35:*.pcx=01;35:*.mov=01;35:*.mpg=01;35:*.mpeg=01;35:*.m2v=01;35:*.mkv=01;35:*.webm=01;35:*.webp=01;35:*.ogm=01;35:*.mp4=01;35:*.m4v=01;35:*.mp4v=01;35:*.vob=01;35:*.qt=01;35:*.nuv=01;35:*.wmv=01;35:*.asf=01;35:*.rm=01;35:*.rmvb=01;35:*.flc=01;35:*.avi=01;35:*.fli=01;35:*.flv=01;35:*.gl=01;35:*.dl=01;35:*.xcf=01;35:*.xwd=01;35:*.yuv=01;35:*.cgm=01;35:*.emf=01;35:*.ogv=01;35:*.ogx=01;35:*.aac=01;36:*.au=01;36:*.flac=01;36:*.m4a=01;36:*.mid=01;36:*.midi=01;36:*.mka=01;36:*.mp3=01;36:*.mpc=01;36:*.ogg=01;36:*.ra=01;36:*.wav=01;36:*.oga=01;36:*.opus=01;36:*.spx=01;36:*.xspf=01;36:",
            "MAIL": "/var/mail/root",
            "PATH": "/sbin:/bin:/usr/sbin:/usr/bin",
            "PWD": "/home/ansible",
            "SHELL": "/bin/bash",
            "SHLVL": "0",
            "SUDO_COMMAND": "/bin/sh -c echo BECOME-SUCCESS-miivtfjgqnuitxnjlnzvtqfyiohfblmi ; /usr/bin/python3.14 /home/ansible/.ansible/tmp/ansible-tmp-1788254144.3042517-2387-62196851709068/AnsiballZ_setup.py",
            "SUDO_GID": "1001",
            "SUDO_HOME": "/home/ansible",
            "SUDO_TTY": "/dev/pts/0",
            "SUDO_UID": "1001",
            "SUDO_USER": "ansible",
            "TERM": "xterm-256color",
            "USER": "root",
            "_": "/usr/bin/python3.14"
        },
        "ansible_fibre_channel_wwn": [],
        "ansible_fips": false,
        "ansible_flags": [
            "fpu",
            "vme",
            "de",
            "pse",
            "tsc",
            "msr",
            "pae",
            "mce",
            "cx8",
            "apic",
            "sep",
            "mtrr",
            "pge",
            "mca",
            "cmov",
            "pat",
            "pse36",
            "clflush",
            "mmx",
            "fxsr",
            "sse",
            "sse2",
            "ht",
            "syscall",
            "nx",
            "mmxext",
            "fxsr_opt",
            "pdpe1gb",
            "rdtscp",
            "lm",
            "constant_tsc",
            "rep_good",
            "nopl",
            "xtopology",
            "nonstop_tsc",
            "cpuid",
            "extd_apicid",
            "aperfmperf",
            "rapl",
            "pni",
            "pclmulqdq",
            "monitor",
            "ssse3",
            "fma",
            "cx16",
            "sse4_1",
            "sse4_2",
            "movbe",
            "popcnt",
            "aes",
            "xsave",
            "avx",
            "f16c",
            "rdrand",
            "lahf_lm",
            "cmp_legacy",
            "svm",
            "extapic",
            "cr8_legacy",
            "abm",
            "sse4a",
            "misalignsse",
            "3dnowprefetch",
            "osvw",
            "ibs",
            "skinit",
            "wdt",
            "tce",
            "topoext",
            "perfctr_core",
            "perfctr_nb",
            "bpext",
            "perfctr_llc",
            "mwaitx",
            "cpb",
            "cat_l3",
            "cdp_l3",
            "hw_pstate",
            "ssbd",
            "mba",
            "ibrs",
            "ibpb",
            "stibp",
            "vmmcall",
            "fsgsbase",
            "bmi1",
            "avx2",
            "smep",
            "bmi2",
            "cqm",
            "rdt_a",
            "rdseed",
            "adx",
            "smap",
            "clflushopt",
            "clwb",
            "sha_ni",
            "xsaveopt",
            "xsavec",
            "xgetbv1",
            "xsaves",
            "cqm_llc",
            "cqm_occup_llc",
            "cqm_mbm_total",
            "cqm_mbm_local",
            "clzero",
            "irperf",
            "xsaveerptr",
            "rdpru",
            "wbnoinvd",
            "amd_ppin",
            "arat",
            "npt",
            "lbrv",
            "svm_lock",
            "nrip_save",
            "tsc_scale",
            "vmcb_clean",
            "flushbyasid",
            "decodeassists",
            "pausefilter",
            "pfthreshold",
            "avic",
            "v_vmsave_vmload",
            "vgif",
            "v_spec_ctrl",
            "umip",
            "rdpid",
            "overflow_recov",
            "succor",
            "smca",
            "sev",
            "sev_es"
        ],
        "ansible_form_factor": "Other",
        "ansible_fqdn": "33KW",
        "ansible_hostname": "33KW",
        "ansible_hostnqn": "nqn.2014-08.org.nvmexpress:uuid:48bb5000-54d3-11eb-8000-3cecef5d4800",
        "ansible_interfaces": [
            "br20",
            "lo",
            "enp68s0f1",
            "enp68s0f0"
        ],
        "ansible_is_chroot": false,
        "ansible_iscsi_iqn": "iqn.1994-05.com.redhat:a1ae1f1bc76",
        "ansible_kernel": "5.14.0-611.11.1.el9_7.x86_64",
        "ansible_kernel_version": "#1 SMP PREEMPT_DYNAMIC Tue Nov 25 05:13:22 EST 2025",
        "ansible_lo": {
            "active": true,
            "device": "lo",
            "features": {
                "esp_hw_offload": "off [fixed]",
                "esp_tx_csum_hw_offload": "off [fixed]",
                "generic_receive_offload": "on",
                "generic_segmentation_offload": "on",
                "highdma": "on [fixed]",
                "hsr_dup_offload": "off [fixed]",
                "hsr_fwd_offload": "off [fixed]",
                "hsr_tag_ins_offload": "off [fixed]",
                "hsr_tag_rm_offload": "off [fixed]",
                "hw_tc_offload": "off [fixed]",
                "l2_fwd_offload": "off [fixed]",
                "large_receive_offload": "off [fixed]",
                "loopback": "on [fixed]",
                "macsec_hw_offload": "off [fixed]",
                "ntuple_filters": "off [fixed]",
                "receive_hashing": "off [fixed]",
                "rx_all": "off [fixed]",
                "rx_checksumming": "on [fixed]",
                "rx_fcs": "off [fixed]",
                "rx_gro_hw": "off [fixed]",
                "rx_gro_list": "off",
                "rx_udp_gro_forwarding": "off",
                "rx_udp_tunnel_port_offload": "off [fixed]",
                "rx_vlan_filter": "off [fixed]",
                "rx_vlan_offload": "off [fixed]",
                "rx_vlan_stag_filter": "off [fixed]",
                "rx_vlan_stag_hw_parse": "off [fixed]",
                "scatter_gather": "on",
                "tcp_segmentation_offload": "on",
                "tls_hw_record": "off [fixed]",
                "tls_hw_rx_offload": "off [fixed]",
                "tls_hw_tx_offload": "off [fixed]",
                "tx_checksum_fcoe_crc": "off [fixed]",
                "tx_checksum_ip_generic": "on [fixed]",
                "tx_checksum_ipv4": "off [fixed]",
                "tx_checksum_ipv6": "off [fixed]",
                "tx_checksum_sctp": "on [fixed]",
                "tx_checksumming": "on",
                "tx_esp_segmentation": "off [fixed]",
                "tx_fcoe_segmentation": "off [fixed]",
                "tx_gre_csum_segmentation": "off [fixed]",
                "tx_gre_segmentation": "off [fixed]",
                "tx_gso_list": "on",
                "tx_gso_partial": "off [fixed]",
                "tx_gso_robust": "off [fixed]",
                "tx_ipxip4_segmentation": "off [fixed]",
                "tx_ipxip6_segmentation": "off [fixed]",
                "tx_nocache_copy": "off [fixed]",
                "tx_scatter_gather": "on [fixed]",
                "tx_scatter_gather_fraglist": "on [fixed]",
                "tx_sctp_segmentation": "on",
                "tx_tcp6_segmentation": "on",
                "tx_tcp_ecn_segmentation": "on",
                "tx_tcp_mangleid_segmentation": "on",
                "tx_tcp_segmentation": "on",
                "tx_tunnel_remcsum_segmentation": "off [fixed]",
                "tx_udp_segmentation": "on",
                "tx_udp_tnl_csum_segmentation": "off [fixed]",
                "tx_udp_tnl_segmentation": "off [fixed]",
                "tx_vlan_offload": "off [fixed]",
                "tx_vlan_stag_hw_insert": "off [fixed]",
                "vlan_challenged": "on [fixed]"
            },
            "hw_timestamp_filters": [],
            "ipv4": {
                "address": "127.0.0.1",
                "broadcast": "",
                "netmask": "255.0.0.0",
                "network": "127.0.0.0",
                "prefix": "8"
            },
            "ipv6": [
                {
                    "address": "::1",
                    "prefix": "128",
                    "scope": "host"
                }
            ],
            "mtu": 65536,
            "promisc": false,
            "timestamping": [],
            "type": "loopback"
        },
        "ansible_loadavg": {
            "15m": 0.0,
            "1m": 0.0,
            "5m": 0.0
        },
        "ansible_local": {},
        "ansible_locally_reachable_ips": {
            "ipv4": [
                "127.0.0.0/8",
                "127.0.0.1",
                "192.168.100.10"
            ],
            "ipv6": [
                "::1",
                "fe80::e62a:4cd:2dc1:7599"
            ]
        },
        "ansible_lsb": {},
        "ansible_lvm": {
            "lvs": {
                "home": {
                    "size_g": "371.54",
                    "vg": "rhel"
                },
                "root": {
                    "size_g": "70.00",
                    "vg": "rhel"
                },
                "swap": {
                    "size_g": "4.00",
                    "vg": "rhel"
                }
            },
            "pvs": {
                "/dev/sda3": {
                    "free_g": "0",
                    "size_g": "445.54",
                    "vg": "rhel"
                }
            },
            "vgs": {
                "rhel": {
                    "free_g": "0",
                    "lvs": {
                        "home": {
                            "size_g": "371.54"
                        },
                        "root": {
                            "size_g": "70.00"
                        },
                        "swap": {
                            "size_g": "4.00"
                        }
                    },
                    "num_lvs": "3",
                    "num_pvs": "1",
                    "size_g": "445.54"
                }
            }
        },
        "ansible_machine": "x86_64",
        "ansible_machine_id": "4bcf872a48c04ebf919ab61b4ec25fde",
        "ansible_memfree_mb": 117593,
        "ansible_memory_mb": {
            "nocache": {
                "free": 125895,
                "used": 2342
            },
            "real": {
                "free": 117593,
                "total": 128237,
                "used": 10644
            },
            "swap": {
                "cached": 0,
                "free": 4095,
                "total": 4095,
                "used": 0
            }
        },
        "ansible_memtotal_mb": 128237,
        "ansible_mounts": [
            {
                "block_available": 10837748,
                "block_size": 4096,
                "block_total": 18341120,
                "block_used": 7503372,
                "device": "/dev/mapper/rhel-root",
                "dump": 0,
                "fstype": "xfs",
                "inode_available": 36477418,
                "inode_total": 36700160,
                "inode_used": 222742,
                "mount": "/",
                "options": "rw,seclabel,relatime,attr2,inode64,logbufs=8,logbsize=32k,noquota",
                "passno": 0,
                "size_available": 44391415808,
                "size_total": 75125227520,
                "uuid": "dc16af16-a05e-4710-9e69-44c5578e3bf4"
            },
            {
                "block_available": 142170,
                "block_size": 4096,
                "block_total": 259584,
                "block_used": 117414,
                "device": "/dev/sda2",
                "dump": 0,
                "fstype": "xfs",
                "inode_available": 524190,
                "inode_total": 524288,
                "inode_used": 98,
                "mount": "/boot",
                "options": "rw,seclabel,relatime,attr2,inode64,logbufs=8,logbsize=32k,noquota",
                "passno": 0,
                "size_available": 582328320,
                "size_total": 1063256064,
                "uuid": "b3a25f30-9881-4d8b-a4ae-4f390dac7ae7"
            },
            {
                "block_available": 96580187,
                "block_size": 4096,
                "block_total": 97350203,
                "block_used": 770016,
                "device": "/dev/mapper/rhel-home",
                "dump": 0,
                "fstype": "xfs",
                "inode_available": 194778276,
                "inode_total": 194795520,
                "inode_used": 17244,
                "mount": "/home",
                "options": "rw,seclabel,relatime,attr2,inode64,logbufs=8,logbsize=32k,noquota",
                "passno": 0,
                "size_available": 395592445952,
                "size_total": 398746431488,
                "uuid": "eee7f419-c424-42e8-887b-c364ea88a15f"
            },
            {
                "block_available": 151335,
                "block_size": 4096,
                "block_total": 153290,
                "block_used": 1955,
                "device": "/dev/sda1",
                "dump": 0,
                "fstype": "vfat",
                "inode_available": 0,
                "inode_total": 0,
                "inode_used": 0,
                "mount": "/boot/efi",
                "options": "rw,relatime,fmask=0077,dmask=0077,codepage=437,iocharset=ascii,shortname=winnt,errors=remount-ro",
                "passno": 0,
                "size_available": 619868160,
                "size_total": 627875840,
                "uuid": "408B-F4F2"
            }
        ],
        "ansible_nodename": "33KW",
        "ansible_os_family": "RedHat",
        "ansible_pkg_mgr": "dnf",
        "ansible_proc_cmdline": {
            "BOOT_IMAGE": "(hd1,gpt2)/vmlinuz-5.14.0-611.11.1.el9_7.x86_64",
            "crashkernel": "1G-2G:192M,2G-64G:256M,64G-:512M",
            "quiet": true,
            "rd.lvm.lv": [
                "rhel/root",
                "rhel/swap"
            ],
            "resume": "/dev/mapper/rhel-swap",
            "rhgb": true,
            "ro": true,
            "root": "/dev/mapper/rhel-root"
        },
        "ansible_processor": [
            "0",
            "AuthenticAMD",
            "AMD EPYC 7302 16-Core Processor",
            "1",
            "AuthenticAMD",
            "AMD EPYC 7302 16-Core Processor",
            "2",
            "AuthenticAMD",
            "AMD EPYC 7302 16-Core Processor",
            "3",
            "AuthenticAMD",
            "AMD EPYC 7302 16-Core Processor",
            "4",
            "AuthenticAMD",
            "AMD EPYC 7302 16-Core Processor",
            "5",
            "AuthenticAMD",
            "AMD EPYC 7302 16-Core Processor",
            "6",
            "AuthenticAMD",
            "AMD EPYC 7302 16-Core Processor",
            "7",
            "AuthenticAMD",
            "AMD EPYC 7302 16-Core Processor",
            "8",
            "AuthenticAMD",
            "AMD EPYC 7302 16-Core Processor",
            "9",
            "AuthenticAMD",
            "AMD EPYC 7302 16-Core Processor",
            "10",
            "AuthenticAMD",
            "AMD EPYC 7302 16-Core Processor",
            "11",
            "AuthenticAMD",
            "AMD EPYC 7302 16-Core Processor",
            "12",
            "AuthenticAMD",
            "AMD EPYC 7302 16-Core Processor",
            "13",
            "AuthenticAMD",
            "AMD EPYC 7302 16-Core Processor",
            "14",
            "AuthenticAMD",
            "AMD EPYC 7302 16-Core Processor",
            "15",
            "AuthenticAMD",
            "AMD EPYC 7302 16-Core Processor",
            "16",
            "AuthenticAMD",
            "AMD EPYC 7302 16-Core Processor",
            "17",
            "AuthenticAMD",
            "AMD EPYC 7302 16-Core Processor",
            "18",
            "AuthenticAMD",
            "AMD EPYC 7302 16-Core Processor",
            "19",
            "AuthenticAMD",
            "AMD EPYC 7302 16-Core Processor",
            "20",
            "AuthenticAMD",
            "AMD EPYC 7302 16-Core Processor",
            "21",
            "AuthenticAMD",
            "AMD EPYC 7302 16-Core Processor",
            "22",
            "AuthenticAMD",
            "AMD EPYC 7302 16-Core Processor",
            "23",
            "AuthenticAMD",
            "AMD EPYC 7302 16-Core Processor",
            "24",
            "AuthenticAMD",
            "AMD EPYC 7302 16-Core Processor",
            "25",
            "AuthenticAMD",
            "AMD EPYC 7302 16-Core Processor",
            "26",
            "AuthenticAMD",
            "AMD EPYC 7302 16-Core Processor",
            "27",
            "AuthenticAMD",
            "AMD EPYC 7302 16-Core Processor",
            "28",
            "AuthenticAMD",
            "AMD EPYC 7302 16-Core Processor",
            "29",
            "AuthenticAMD",
            "AMD EPYC 7302 16-Core Processor",
            "30",
            "AuthenticAMD",
            "AMD EPYC 7302 16-Core Processor",
            "31",
            "AuthenticAMD",
            "AMD EPYC 7302 16-Core Processor",
            "32",
            "AuthenticAMD",
            "AMD EPYC 7302 16-Core Processor",
            "33",
            "AuthenticAMD",
            "AMD EPYC 7302 16-Core Processor",
            "34",
            "AuthenticAMD",
            "AMD EPYC 7302 16-Core Processor",
            "35",
            "AuthenticAMD",
            "AMD EPYC 7302 16-Core Processor",
            "36",
            "AuthenticAMD",
            "AMD EPYC 7302 16-Core Processor",
            "37",
            "AuthenticAMD",
            "AMD EPYC 7302 16-Core Processor",
            "38",
            "AuthenticAMD",
            "AMD EPYC 7302 16-Core Processor",
            "39",
            "AuthenticAMD",
            "AMD EPYC 7302 16-Core Processor",
            "40",
            "AuthenticAMD",
            "AMD EPYC 7302 16-Core Processor",
            "41",
            "AuthenticAMD",
            "AMD EPYC 7302 16-Core Processor",
            "42",
            "AuthenticAMD",
            "AMD EPYC 7302 16-Core Processor",
            "43",
            "AuthenticAMD",
            "AMD EPYC 7302 16-Core Processor",
            "44",
            "AuthenticAMD",
            "AMD EPYC 7302 16-Core Processor",
            "45",
            "AuthenticAMD",
            "AMD EPYC 7302 16-Core Processor",
            "46",
            "AuthenticAMD",
            "AMD EPYC 7302 16-Core Processor",
            "47",
            "AuthenticAMD",
            "AMD EPYC 7302 16-Core Processor",
            "48",
            "AuthenticAMD",
            "AMD EPYC 7302 16-Core Processor",
            "49",
            "AuthenticAMD",
            "AMD EPYC 7302 16-Core Processor",
            "50",
            "AuthenticAMD",
            "AMD EPYC 7302 16-Core Processor",
            "51",
            "AuthenticAMD",
            "AMD EPYC 7302 16-Core Processor",
            "52",
            "AuthenticAMD",
            "AMD EPYC 7302 16-Core Processor",
            "53",
            "AuthenticAMD",
            "AMD EPYC 7302 16-Core Processor",
            "54",
            "AuthenticAMD",
            "AMD EPYC 7302 16-Core Processor",
            "55",
            "AuthenticAMD",
            "AMD EPYC 7302 16-Core Processor",
            "56",
            "AuthenticAMD",
            "AMD EPYC 7302 16-Core Processor",
            "57",
            "AuthenticAMD",
            "AMD EPYC 7302 16-Core Processor",
            "58",
            "AuthenticAMD",
            "AMD EPYC 7302 16-Core Processor",
            "59",
            "AuthenticAMD",
            "AMD EPYC 7302 16-Core Processor",
            "60",
            "AuthenticAMD",
            "AMD EPYC 7302 16-Core Processor",
            "61",
            "AuthenticAMD",
            "AMD EPYC 7302 16-Core Processor",
            "62",
            "AuthenticAMD",
            "AMD EPYC 7302 16-Core Processor",
            "63",
            "AuthenticAMD",
            "AMD EPYC 7302 16-Core Processor"
        ],
        "ansible_processor_cores": 16,
        "ansible_processor_count": 2,
        "ansible_processor_nproc": 64,
        "ansible_processor_threads_per_core": 2,
        "ansible_processor_vcpus": 64,
        "ansible_product_name": "AS -2024US-TRT",
        "ansible_product_serial": "A412679X1306719",
        "ansible_product_uuid": "48bb5000-54d3-11eb-8000-3cecef5d4800",
        "ansible_product_version": "0123456789",
        "ansible_python": {
            "executable": "/usr/bin/python3.14",
            "has_sslcontext": true,
            "type": "cpython",
            "version": {
                "major": 3,
                "micro": 7,
                "minor": 14,
                "releaselevel": "final",
                "serial": 0
            },
            "version_info": [
                3,
                14,
                7,
                "final",
                0
            ]
        },
        "ansible_python_version": "3.14.7",
        "ansible_real_group_id": 0,
        "ansible_real_user_id": 0,
        "ansible_selinux": {
            "config_mode": "enforcing",
            "mode": "enforcing",
            "policyvers": 33,
            "status": "enabled",
            "type": "targeted"
        },
        "ansible_selinux_python_present": true,
        "ansible_service_mgr": "systemd",
        "ansible_ssh_host_key_ecdsa_public": "AAAAE2VjZHNhLXNoYTItbmlzdHAyNTYAAAAIbmlzdHAyNTYAAABBBIWAQHo/wzDyeI+w9suz9O1DcNCVnlTVNtGbi0H044gW0HnR1AHZPUlprVxTSAmLhN+zO1mfdlXSnOGIiEuA16k=",
        "ansible_ssh_host_key_ecdsa_public_keytype": "ecdsa-sha2-nistp256",
        "ansible_ssh_host_key_ed25519_public": "AAAAC3NzaC1lZDI1NTE5AAAAIBY44Q0e4k6Zx6U26gK/aI1Fc0/8cGluKW6UocsXZpjC",
        "ansible_ssh_host_key_ed25519_public_keytype": "ssh-ed25519",
        "ansible_ssh_host_key_rsa_public": "AAAAB3NzaC1yc2EAAAADAQABAAABgQCSMtsDys4WTN8B31GUym+oPvE6kAX7xEqk7JZXVK7y6lzxWQPpwIs4JWCdkXmyzdL0Hg4SdrFH9V51SLCF3aeMREGgvCw3eLJu9KjoHJLX4rYgTHIRJ4+8yAtm/vAbyIRGVo5za0OwQE2GhxM8rVpGYJEAZyngfNBbPLu1MNk2aXdd6xV0zUrirEES3rxLOCsikfvx2zepoQFz1Yqll3L1wVjQdxRrlnPvugvC7NkmTWqG2BPsuohya4elhYJ1/S4UEYUlTKbowdeAX1hyX7BDTi9W8uEAPsehwMbhEZjLXF9mtFlFnPp3AKKh+TNxQVWrGhpjgXYIoEsPklGVyhusjljZrQyL1/vOrFlbR9CwLM6JXPJHOT9fhH/ByVeJ088LwBCAQDZANWB4ddMRZ7WLVBLQLtQ4dNaAjLyAMqKoKgiupXXmXTaCAJKdYRjURtP9tVd0cJVOOhMYiYlG0dn0hi5YEH7ostaojj7qUrLs8M7GRg3SWvQLuOBbvL0aZak=",
        "ansible_ssh_host_key_rsa_public_keytype": "ssh-rsa",
        "ansible_swapfree_mb": 4095,
        "ansible_swaptotal_mb": 4095,
        "ansible_system": "Linux",
        "ansible_system_capabilities": [],
        "ansible_system_capabilities_enforced": "False",
        "ansible_system_vendor": "Supermicro",
        "ansible_systemd": {
            "features": "+PAM +AUDIT +SELINUX -APPARMOR +IMA +SMACK +SECCOMP +GCRYPT +GNUTLS +OPENSSL +ACL +BLKID +CURL +ELFUTILS +FIDO2 +IDN2 -IDN -IPTC +KMOD +LIBCRYPTSETUP +LIBFDISK +PCRE2 -PWQUALITY +P11KIT -QRENCODE +TPM2 +BZIP2 +LZ4 +XZ +ZLIB +ZSTD -BPF_FRAMEWORK +XKBCOMMON +UTMP +SYSVINIT default-hierarchy=unified",
            "version": 252
        },
        "ansible_uptime_seconds": 3029365,
        "ansible_user_dir": "/root",
        "ansible_user_gecos": "root",
        "ansible_user_gid": 0,
        "ansible_user_id": "root",
        "ansible_user_shell": "/bin/bash",
        "ansible_user_uid": 0,
        "ansible_userspace_architecture": "x86_64",
        "ansible_userspace_bits": "64",
        "ansible_virtualization_role": "host",
        "ansible_virtualization_tech_guest": [],
        "ansible_virtualization_tech_host": [
            "kvm"
        ],
        "ansible_virtualization_type": "kvm",
        "discovered_interpreter_python": "/usr/bin/python3.14",
        "gather_subset": [
            "all"
        ],
        "module_setup": true
    },
    "changed": false
}
2026-09-01 17:18:21,243 p=2437 u=ansible n=ansible INFO| PLAY [all] *********************************************************************
2026-09-01 17:18:21,250 p=2437 u=ansible n=ansible INFO| TASK [Gathering Facts] *********************************************************
2026-09-01 17:18:23,203 p=2437 u=ansible n=ansible WARNING| [WARNING]: Host '192.168.100.10' is using the discovered Python interpreter at '/usr/bin/python3.14', but future installation of another Python interpreter could cause a different interpreter to be discovered. See https://docs.ansible.com/ansible-core/2.20/reference_appendices/interpreter_discovery.html for more information.

2026-09-01 17:18:23,203 p=2437 u=ansible n=ansible INFO| ok: [192.168.100.10]
2026-09-01 17:18:23,207 p=2437 u=ansible n=ansible INFO| TASK [update repository index] *************************************************
2026-09-01 17:18:23,220 p=2437 u=ansible n=ansible WARNING| [WARNING]: Deprecation warnings can be disabled by setting `deprecation_warnings=False` in ansible.cfg.

2026-09-01 17:18:23,220 p=2437 u=ansible n=ansible INFO| [DEPRECATION WARNING]: INJECT_FACTS_AS_VARS default to `True` is deprecated, top-level facts will not be auto injected after the change. This feature will be removed from ansible-core version 2.24.
Origin: /home/ansible/ansible/install_htop.yml:10:11

 8     apt:
 9       update_cache: true
10     when: ansible_distribution == "Ubuntu"
             ^ column 11

Use `ansible_facts["fact_name"]` (no `ansible_` prefix) instead.


2026-09-01 17:18:23,220 p=2437 u=ansible n=ansible INFO| skipping: [192.168.100.10]
2026-09-01 17:18:23,224 p=2437 u=ansible n=ansible INFO| TASK [install apache2 package] *************************************************
2026-09-01 17:18:23,237 p=2437 u=ansible n=ansible INFO| [DEPRECATION WARNING]: INJECT_FACTS_AS_VARS default to `True` is deprecated, top-level facts will not be auto injected after the change. This feature will be removed from ansible-core version 2.24.
Origin: /home/ansible/ansible/install_htop.yml:16:11

14       name: apache2
15       state: latest
16     when: ansible_distribution in ["Debian", "Ubuntu"]
             ^ column 11

Use `ansible_facts["fact_name"]` (no `ansible_` prefix) instead.


2026-09-01 17:18:23,237 p=2437 u=ansible n=ansible INFO| skipping: [192.168.100.10]
2026-09-01 17:18:23,243 p=2437 u=ansible n=ansible INFO| TASK [instal php] **************************************************************
2026-09-01 17:18:23,258 p=2437 u=ansible n=ansible ERROR| [ERROR]: Task failed: Syntax error in expression: chunk after expression

Task failed.
Origin: /home/ansible/ansible/install_htop.yml:18:5

16     when: ansible_distribution in ["Debian", "Ubuntu"]
17
18   - name: instal php
       ^ column 5

<<< caused by >>>

Syntax error in expression: chunk after expression
Origin: /home/ansible/ansible/install_htop.yml:22:11

20       name: php
21       state: latest
22     when: ansible_distribution == "RedHat" and ansible_distribution_version = "9.8"
             ^ column 11


2026-09-01 17:18:23,259 p=2437 u=ansible n=ansible INFO| fatal: [192.168.100.10]: FAILED! => {"changed": false, "msg": "Task failed: Syntax error in expression: chunk after expression"}
2026-09-01 17:18:23,259 p=2437 u=ansible n=ansible INFO| PLAY RECAP *********************************************************************
2026-09-01 17:18:23,260 p=2437 u=ansible n=ansible INFO| 192.168.100.10             : ok=1    changed=0    unreachable=0    failed=1    skipped=2    rescued=0    ignored=0   
2026-09-01 17:19:33,331 p=2477 u=ansible n=ansible INFO| PLAY [all] *********************************************************************
2026-09-01 17:19:33,339 p=2477 u=ansible n=ansible INFO| TASK [Gathering Facts] *********************************************************
2026-09-01 17:19:35,311 p=2477 u=ansible n=ansible WARNING| [WARNING]: Host '192.168.100.10' is using the discovered Python interpreter at '/usr/bin/python3.14', but future installation of another Python interpreter could cause a different interpreter to be discovered. See https://docs.ansible.com/ansible-core/2.20/reference_appendices/interpreter_discovery.html for more information.

2026-09-01 17:19:35,311 p=2477 u=ansible n=ansible INFO| ok: [192.168.100.10]
2026-09-01 17:19:35,314 p=2477 u=ansible n=ansible INFO| TASK [update repository index] *************************************************
2026-09-01 17:19:35,327 p=2477 u=ansible n=ansible WARNING| [WARNING]: Deprecation warnings can be disabled by setting `deprecation_warnings=False` in ansible.cfg.

2026-09-01 17:19:35,328 p=2477 u=ansible n=ansible INFO| [DEPRECATION WARNING]: INJECT_FACTS_AS_VARS default to `True` is deprecated, top-level facts will not be auto injected after the change. This feature will be removed from ansible-core version 2.24.
Origin: /home/ansible/ansible/install_htop.yml:10:11

 8     apt:
 9       update_cache: true
10     when: ansible_distribution == "Ubuntu"
             ^ column 11

Use `ansible_facts["fact_name"]` (no `ansible_` prefix) instead.


2026-09-01 17:19:35,328 p=2477 u=ansible n=ansible INFO| skipping: [192.168.100.10]
2026-09-01 17:19:35,331 p=2477 u=ansible n=ansible INFO| TASK [install apache2 package] *************************************************
2026-09-01 17:19:35,344 p=2477 u=ansible n=ansible INFO| [DEPRECATION WARNING]: INJECT_FACTS_AS_VARS default to `True` is deprecated, top-level facts will not be auto injected after the change. This feature will be removed from ansible-core version 2.24.
Origin: /home/ansible/ansible/install_htop.yml:16:11

14       name: apache2
15       state: latest
16     when: ansible_distribution in ["Debian", "Ubuntu"]
             ^ column 11

Use `ansible_facts["fact_name"]` (no `ansible_` prefix) instead.


2026-09-01 17:19:35,344 p=2477 u=ansible n=ansible INFO| skipping: [192.168.100.10]
2026-09-01 17:19:35,348 p=2477 u=ansible n=ansible INFO| TASK [install php] *************************************************************
2026-09-01 17:19:44,871 p=2477 u=ansible n=ansible INFO| [DEPRECATION WARNING]: INJECT_FACTS_AS_VARS default to `True` is deprecated, top-level facts will not be auto injected after the change. This feature will be removed from ansible-core version 2.24.
Origin: /home/ansible/ansible/install_htop.yml:22:11

20       name: php
21       state: latest
22     when: ansible_distribution == "RedHat" and ansible_distribution_version == "9.8"
             ^ column 11

Use `ansible_facts["fact_name"]` (no `ansible_` prefix) instead.


2026-09-01 17:19:44,872 p=2477 u=ansible n=ansible INFO| changed: [192.168.100.10]
2026-09-01 17:19:44,873 p=2477 u=ansible n=ansible INFO| PLAY RECAP *********************************************************************
2026-09-01 17:19:44,873 p=2477 u=ansible n=ansible INFO| 192.168.100.10             : ok=2    changed=1    unreachable=0    failed=0    skipped=2    rescued=0    ignored=0   
2026-09-04 14:05:55,033 p=1591 u=ansible n=ansible ERROR| [ERROR]: YAML parsing failed: unacceptable character #x0013: control characters are not allowed in "<unicode string>", position 484
Origin: /home/ansible/ansible/improve_tasks.yml


2026-09-04 14:06:38,431 p=1615 u=ansible n=ansible INFO| PLAY [all] *********************************************************************
2026-09-04 14:06:38,440 p=1615 u=ansible n=ansible INFO| TASK [Gathering Facts] *********************************************************
2026-09-04 14:06:44,092 p=1615 u=ansible n=ansible WARNING| [WARNING]: Host '192.168.100.10' is using the discovered Python interpreter at '/usr/bin/python3.14', but future installation of another Python interpreter could cause a different interpreter to be discovered. See https://docs.ansible.com/ansible-core/2.20/reference_appendices/interpreter_discovery.html for more information.

2026-09-04 14:06:44,092 p=1615 u=ansible n=ansible INFO| ok: [192.168.100.10]
2026-09-04 14:06:44,096 p=1615 u=ansible n=ansible INFO| TASK [update repository index for Ubuntu] **************************************
2026-09-04 14:06:44,109 p=1615 u=ansible n=ansible WARNING| [WARNING]: Deprecation warnings can be disabled by setting `deprecation_warnings=False` in ansible.cfg.

2026-09-04 14:06:44,109 p=1615 u=ansible n=ansible INFO| [DEPRECATION WARNING]: INJECT_FACTS_AS_VARS default to `True` is deprecated, top-level facts will not be auto injected after the change. This feature will be removed from ansible-core version 2.24.
Origin: /home/ansible/ansible/improve_tasks.yml:10:11

 8     apt:
 9       update_cache: yes
10     when: ansible_distribution_version == "Ubuntu"
             ^ column 11

Use `ansible_facts["fact_name"]` (no `ansible_` prefix) instead.


2026-09-04 14:06:44,109 p=1615 u=ansible n=ansible INFO| skipping: [192.168.100.10]
2026-09-04 14:06:44,113 p=1615 u=ansible n=ansible INFO| TASK [install apache2 and php package for Ubuntu] ******************************
2026-09-04 14:06:44,126 p=1615 u=ansible n=ansible INFO| [DEPRECATION WARNING]: INJECT_FACTS_AS_VARS default to `True` is deprecated, top-level facts will not be auto injected after the change. This feature will be removed from ansible-core version 2.24.
Origin: /home/ansible/ansible/improve_tasks.yml:18:11

16         - libapache2-mod-php
17       state: latest
18     when: ansible_distribution == "Ubuntu"
             ^ column 11

Use `ansible_facts["fact_name"]` (no `ansible_` prefix) instead.


2026-09-04 14:06:44,126 p=1615 u=ansible n=ansible INFO| skipping: [192.168.100.10]
2026-09-04 14:06:44,131 p=1615 u=ansible n=ansible INFO| TASK [update repostory index for CentOS] ***************************************
2026-09-04 14:06:44,145 p=1615 u=ansible n=ansible ERROR| [ERROR]: Task failed: Error while evaluating conditional: 'ansible_distirbution_version' is undefined

Task failed.
Origin: /home/ansible/ansible/improve_tasks.yml:20:5

18     when: ansible_distribution == "Ubuntu"
19
20   - name: update repostory index for CentOS
       ^ column 5

<<< caused by >>>

Error while evaluating conditional: 'ansible_distirbution_version' is undefined
Origin: /home/ansible/ansible/improve_tasks.yml:23:11

21     dnf:
22       update_cache: yes
23     when: ansible_distirbution_version == "Redhat"
             ^ column 11


2026-09-04 14:06:44,145 p=1615 u=ansible n=ansible INFO| fatal: [192.168.100.10]: FAILED! => {"changed": false, "msg": "Task failed: Error while evaluating conditional: 'ansible_distirbution_version' is undefined"}
2026-09-04 14:06:44,146 p=1615 u=ansible n=ansible INFO| PLAY RECAP *********************************************************************
2026-09-04 14:06:44,146 p=1615 u=ansible n=ansible INFO| 192.168.100.10             : ok=1    changed=0    unreachable=0    failed=1    skipped=2    rescued=0    ignored=0   
2026-09-04 14:07:24,624 p=1658 u=ansible n=ansible INFO| PLAY [all] *********************************************************************
2026-09-04 14:07:24,630 p=1658 u=ansible n=ansible INFO| TASK [Gathering Facts] *********************************************************
2026-09-04 14:07:26,543 p=1658 u=ansible n=ansible WARNING| [WARNING]: Host '192.168.100.10' is using the discovered Python interpreter at '/usr/bin/python3.14', but future installation of another Python interpreter could cause a different interpreter to be discovered. See https://docs.ansible.com/ansible-core/2.20/reference_appendices/interpreter_discovery.html for more information.

2026-09-04 14:07:26,543 p=1658 u=ansible n=ansible INFO| ok: [192.168.100.10]
2026-09-04 14:07:26,546 p=1658 u=ansible n=ansible INFO| TASK [update repository index for Ubuntu] **************************************
2026-09-04 14:07:26,559 p=1658 u=ansible n=ansible WARNING| [WARNING]: Deprecation warnings can be disabled by setting `deprecation_warnings=False` in ansible.cfg.

2026-09-04 14:07:26,559 p=1658 u=ansible n=ansible INFO| [DEPRECATION WARNING]: INJECT_FACTS_AS_VARS default to `True` is deprecated, top-level facts will not be auto injected after the change. This feature will be removed from ansible-core version 2.24.
Origin: /home/ansible/ansible/improve_tasks.yml:10:11

 8     apt:
 9       update_cache: yes
10     when: ansible_distribution_version == "Ubuntu"
             ^ column 11

Use `ansible_facts["fact_name"]` (no `ansible_` prefix) instead.


2026-09-04 14:07:26,559 p=1658 u=ansible n=ansible INFO| skipping: [192.168.100.10]
2026-09-04 14:07:26,563 p=1658 u=ansible n=ansible INFO| TASK [install apache2 and php package for Ubuntu] ******************************
2026-09-04 14:07:26,575 p=1658 u=ansible n=ansible INFO| [DEPRECATION WARNING]: INJECT_FACTS_AS_VARS default to `True` is deprecated, top-level facts will not be auto injected after the change. This feature will be removed from ansible-core version 2.24.
Origin: /home/ansible/ansible/improve_tasks.yml:18:11

16         - libapache2-mod-php
17       state: latest
18     when: ansible_distribution_version == "Ubuntu"
             ^ column 11

Use `ansible_facts["fact_name"]` (no `ansible_` prefix) instead.


2026-09-04 14:07:26,576 p=1658 u=ansible n=ansible INFO| skipping: [192.168.100.10]
2026-09-04 14:07:26,580 p=1658 u=ansible n=ansible INFO| TASK [update repostory index for Redhat] ***************************************
2026-09-04 14:07:26,594 p=1658 u=ansible n=ansible ERROR| [ERROR]: Task failed: Error while evaluating conditional: 'ansible_distirbution_version' is undefined

Task failed.
Origin: /home/ansible/ansible/improve_tasks.yml:20:5

18     when: ansible_distribution_version == "Ubuntu"
19
20   - name: update repostory index for Redhat
       ^ column 5

<<< caused by >>>

Error while evaluating conditional: 'ansible_distirbution_version' is undefined
Origin: /home/ansible/ansible/improve_tasks.yml:23:11

21     dnf:
22       update_cache: yes
23     when: ansible_distirbution_version == "Redhat"
             ^ column 11


2026-09-04 14:07:26,595 p=1658 u=ansible n=ansible INFO| fatal: [192.168.100.10]: FAILED! => {"changed": false, "msg": "Task failed: Error while evaluating conditional: 'ansible_distirbution_version' is undefined"}
2026-09-04 14:07:26,596 p=1658 u=ansible n=ansible INFO| PLAY RECAP *********************************************************************
2026-09-04 14:07:26,596 p=1658 u=ansible n=ansible INFO| 192.168.100.10             : ok=1    changed=0    unreachable=0    failed=1    skipped=2    rescued=0    ignored=0   
2026-09-04 14:09:27,070 p=1765 u=ansible n=ansible INFO| PLAY [all] *********************************************************************
2026-09-04 14:09:27,077 p=1765 u=ansible n=ansible INFO| TASK [Gathering Facts] *********************************************************
2026-09-04 14:09:29,291 p=1765 u=ansible n=ansible WARNING| [WARNING]: Host '192.168.100.10' is using the discovered Python interpreter at '/usr/bin/python3.14', but future installation of another Python interpreter could cause a different interpreter to be discovered. See https://docs.ansible.com/ansible-core/2.20/reference_appendices/interpreter_discovery.html for more information.

2026-09-04 14:09:29,291 p=1765 u=ansible n=ansible INFO| ok: [192.168.100.10]
2026-09-04 14:09:29,294 p=1765 u=ansible n=ansible INFO| TASK [update repository index for Ubuntu] **************************************
2026-09-04 14:09:29,307 p=1765 u=ansible n=ansible WARNING| [WARNING]: Deprecation warnings can be disabled by setting `deprecation_warnings=False` in ansible.cfg.

2026-09-04 14:09:29,307 p=1765 u=ansible n=ansible INFO| [DEPRECATION WARNING]: INJECT_FACTS_AS_VARS default to `True` is deprecated, top-level facts will not be auto injected after the change. This feature will be removed from ansible-core version 2.24.
Origin: /home/ansible/ansible/improve_tasks.yml:10:11

 8     apt:
 9       update_cache: yes
10     when: ansible_distribution == "Ubuntu"
             ^ column 11

Use `ansible_facts["fact_name"]` (no `ansible_` prefix) instead.


2026-09-04 14:09:29,308 p=1765 u=ansible n=ansible INFO| skipping: [192.168.100.10]
2026-09-04 14:09:29,311 p=1765 u=ansible n=ansible INFO| TASK [install apache2 and php package for Ubuntu] ******************************
2026-09-04 14:09:29,324 p=1765 u=ansible n=ansible INFO| [DEPRECATION WARNING]: INJECT_FACTS_AS_VARS default to `True` is deprecated, top-level facts will not be auto injected after the change. This feature will be removed from ansible-core version 2.24.
Origin: /home/ansible/ansible/improve_tasks.yml:18:11

16         - libapache2-mod-php
17       state: latest
18     when: ansible_distribution == "Ubuntu"
             ^ column 11

Use `ansible_facts["fact_name"]` (no `ansible_` prefix) instead.


2026-09-04 14:09:29,324 p=1765 u=ansible n=ansible INFO| skipping: [192.168.100.10]
2026-09-04 14:09:29,328 p=1765 u=ansible n=ansible INFO| TASK [update repostory index for Redhat] ***************************************
2026-09-04 14:09:29,341 p=1765 u=ansible n=ansible ERROR| [ERROR]: Task failed: Error while evaluating conditional: 'ansible_distirbution' is undefined

Task failed.
Origin: /home/ansible/ansible/improve_tasks.yml:20:5

18     when: ansible_distribution == "Ubuntu"
19
20   - name: update repostory index for Redhat
       ^ column 5

<<< caused by >>>

Error while evaluating conditional: 'ansible_distirbution' is undefined
Origin: /home/ansible/ansible/improve_tasks.yml:23:11

21     dnf:
22       update_cache: yes
23     when: ansible_distirbution == "Redhat"
             ^ column 11


2026-09-04 14:09:29,342 p=1765 u=ansible n=ansible INFO| fatal: [192.168.100.10]: FAILED! => {"changed": false, "msg": "Task failed: Error while evaluating conditional: 'ansible_distirbution' is undefined"}
2026-09-04 14:09:29,343 p=1765 u=ansible n=ansible INFO| PLAY RECAP *********************************************************************
2026-09-04 14:09:29,343 p=1765 u=ansible n=ansible INFO| 192.168.100.10             : ok=1    changed=0    unreachable=0    failed=1    skipped=2    rescued=0    ignored=0   
2026-09-04 14:10:03,806 p=1805 u=ansible n=ansible INFO| PLAY [all] *********************************************************************
2026-09-04 14:10:03,813 p=1805 u=ansible n=ansible INFO| TASK [Gathering Facts] *********************************************************
2026-09-04 14:10:06,148 p=1805 u=ansible n=ansible WARNING| [WARNING]: Host '192.168.100.10' is using the discovered Python interpreter at '/usr/bin/python3.14', but future installation of another Python interpreter could cause a different interpreter to be discovered. See https://docs.ansible.com/ansible-core/2.20/reference_appendices/interpreter_discovery.html for more information.

2026-09-04 14:10:06,148 p=1805 u=ansible n=ansible INFO| ok: [192.168.100.10]
2026-09-04 14:10:06,151 p=1805 u=ansible n=ansible INFO| TASK [update repository index for Ubuntu] **************************************
2026-09-04 14:10:06,164 p=1805 u=ansible n=ansible WARNING| [WARNING]: Deprecation warnings can be disabled by setting `deprecation_warnings=False` in ansible.cfg.

2026-09-04 14:10:06,164 p=1805 u=ansible n=ansible INFO| [DEPRECATION WARNING]: INJECT_FACTS_AS_VARS default to `True` is deprecated, top-level facts will not be auto injected after the change. This feature will be removed from ansible-core version 2.24.
Origin: /home/ansible/ansible/improve_tasks.yml:10:11

 8     apt:
 9       update_cache: yes
10     when: ansible_distribution == "Ubuntu"
             ^ column 11

Use `ansible_facts["fact_name"]` (no `ansible_` prefix) instead.


2026-09-04 14:10:06,164 p=1805 u=ansible n=ansible INFO| skipping: [192.168.100.10]
2026-09-04 14:10:06,168 p=1805 u=ansible n=ansible INFO| TASK [install apache2 and php package for Ubuntu] ******************************
2026-09-04 14:10:06,181 p=1805 u=ansible n=ansible INFO| [DEPRECATION WARNING]: INJECT_FACTS_AS_VARS default to `True` is deprecated, top-level facts will not be auto injected after the change. This feature will be removed from ansible-core version 2.24.
Origin: /home/ansible/ansible/improve_tasks.yml:18:11

16         - libapache2-mod-php
17       state: latest
18     when: ansible_distribution == "Ubuntu"
             ^ column 11

Use `ansible_facts["fact_name"]` (no `ansible_` prefix) instead.


2026-09-04 14:10:06,181 p=1805 u=ansible n=ansible INFO| skipping: [192.168.100.10]
2026-09-04 14:10:06,185 p=1805 u=ansible n=ansible INFO| TASK [update repostory index for Redhat] ***************************************
2026-09-04 14:10:06,197 p=1805 u=ansible n=ansible INFO| [DEPRECATION WARNING]: INJECT_FACTS_AS_VARS default to `True` is deprecated, top-level facts will not be auto injected after the change. This feature will be removed from ansible-core version 2.24.
Origin: /home/ansible/ansible/improve_tasks.yml:23:11

21     dnf:
22       update_cache: yes
23     when: ansible_distribution == "Redhat"
             ^ column 11

Use `ansible_facts["fact_name"]` (no `ansible_` prefix) instead.


2026-09-04 14:10:06,198 p=1805 u=ansible n=ansible INFO| skipping: [192.168.100.10]
2026-09-04 14:10:06,201 p=1805 u=ansible n=ansible INFO| TASK [install httpd and php package for Centor] ********************************
2026-09-04 14:10:06,214 p=1805 u=ansible n=ansible INFO| [DEPRECATION WARNING]: INJECT_FACTS_AS_VARS default to `True` is deprecated, top-level facts will not be auto injected after the change. This feature will be removed from ansible-core version 2.24.
Origin: /home/ansible/ansible/improve_tasks.yml:31:11

29         - php
30       state: latest
31     when: ansible_distribution == "Redhat"
             ^ column 11

Use `ansible_facts["fact_name"]` (no `ansible_` prefix) instead.


2026-09-04 14:10:06,214 p=1805 u=ansible n=ansible INFO| skipping: [192.168.100.10]
2026-09-04 14:10:06,216 p=1805 u=ansible n=ansible INFO| PLAY RECAP *********************************************************************
2026-09-04 14:10:06,216 p=1805 u=ansible n=ansible INFO| 192.168.100.10             : ok=1    changed=0    unreachable=0    failed=0    skipped=4    rescued=0    ignored=0   
2026-09-04 14:14:00,358 p=1860 u=ansible n=ansible ERROR| [ERROR]: YAML parsing failed: While parsing a block mapping did not find expected key.
Origin: /home/ansible/ansible/improve_tasks.yml:20:6

18       state: latest
19     #when: ansible_distribution == "Ubuntu"
20      when: ansible_facts["distribution"] == "Ubuntu"
        ^ column 6


2026-09-04 14:14:15,361 p=1884 u=ansible n=ansible INFO| PLAY [all] *********************************************************************
2026-09-04 14:14:15,368 p=1884 u=ansible n=ansible INFO| TASK [Gathering Facts] *********************************************************
2026-09-04 14:14:17,504 p=1884 u=ansible n=ansible WARNING| [WARNING]: Host '192.168.100.10' is using the discovered Python interpreter at '/usr/bin/python3.14', but future installation of another Python interpreter could cause a different interpreter to be discovered. See https://docs.ansible.com/ansible-core/2.20/reference_appendices/interpreter_discovery.html for more information.

2026-09-04 14:14:17,504 p=1884 u=ansible n=ansible INFO| ok: [192.168.100.10]
2026-09-04 14:14:17,507 p=1884 u=ansible n=ansible INFO| TASK [update repository index for Ubuntu] **************************************
2026-09-04 14:14:17,519 p=1884 u=ansible n=ansible INFO| skipping: [192.168.100.10]
2026-09-04 14:14:17,522 p=1884 u=ansible n=ansible INFO| TASK [install apache2 and php package for Ubuntu] ******************************
2026-09-04 14:14:17,534 p=1884 u=ansible n=ansible INFO| skipping: [192.168.100.10]
2026-09-04 14:14:17,538 p=1884 u=ansible n=ansible INFO| TASK [update repostory index for Redhat] ***************************************
2026-09-04 14:14:17,551 p=1884 u=ansible n=ansible ERROR| [ERROR]: Task failed: Error while evaluating conditional: object of type 'dict' has no attribute 'ansible_distribution'

Task failed.
Origin: /home/ansible/ansible/improve_tasks.yml:22:5

20     when: ansible_facts["distribution"] == "Ubuntu"
21
22   - name: update repostory index for Redhat
       ^ column 5

<<< caused by >>>

Error while evaluating conditional: object of type 'dict' has no attribute 'ansible_distribution'
Origin: /home/ansible/ansible/improve_tasks.yml:26:11

24       update_cache: yes
25     #when: ansible_distribution == "Redhat"
26     when: ansible_facts["ansible_distribution"] == "Redhat"
             ^ column 11


2026-09-04 14:14:17,552 p=1884 u=ansible n=ansible INFO| fatal: [192.168.100.10]: FAILED! => {"changed": false, "msg": "Task failed: Error while evaluating conditional: object of type 'dict' has no attribute 'ansible_distribution'"}
2026-09-04 14:14:17,553 p=1884 u=ansible n=ansible INFO| PLAY RECAP *********************************************************************
2026-09-04 14:14:17,553 p=1884 u=ansible n=ansible INFO| 192.168.100.10             : ok=1    changed=0    unreachable=0    failed=1    skipped=2    rescued=0    ignored=0   
2026-09-04 14:16:00,058 p=1930 u=ansible n=ansible INFO| PLAY [all] *********************************************************************
2026-09-04 14:16:00,065 p=1930 u=ansible n=ansible INFO| TASK [Gathering Facts] *********************************************************
2026-09-04 14:16:02,236 p=1930 u=ansible n=ansible WARNING| [WARNING]: Host '192.168.100.10' is using the discovered Python interpreter at '/usr/bin/python3.14', but future installation of another Python interpreter could cause a different interpreter to be discovered. See https://docs.ansible.com/ansible-core/2.20/reference_appendices/interpreter_discovery.html for more information.

2026-09-04 14:16:02,236 p=1930 u=ansible n=ansible INFO| ok: [192.168.100.10]
2026-09-04 14:16:02,239 p=1930 u=ansible n=ansible INFO| TASK [update repository index for Ubuntu] **************************************
2026-09-04 14:16:02,251 p=1930 u=ansible n=ansible INFO| skipping: [192.168.100.10]
2026-09-04 14:16:02,255 p=1930 u=ansible n=ansible INFO| TASK [install apache2 and php package for Ubuntu] ******************************
2026-09-04 14:16:02,267 p=1930 u=ansible n=ansible INFO| skipping: [192.168.100.10]
2026-09-04 14:16:02,272 p=1930 u=ansible n=ansible INFO| TASK [update repostory index for Redhat] ***************************************
2026-09-04 14:16:02,283 p=1930 u=ansible n=ansible INFO| skipping: [192.168.100.10]
2026-09-04 14:16:02,287 p=1930 u=ansible n=ansible INFO| TASK [install httpd and php package for Centor] ********************************
2026-09-04 14:16:02,299 p=1930 u=ansible n=ansible INFO| skipping: [192.168.100.10]
2026-09-04 14:16:02,300 p=1930 u=ansible n=ansible INFO| PLAY RECAP *********************************************************************
2026-09-04 14:16:02,300 p=1930 u=ansible n=ansible INFO| 192.168.100.10             : ok=1    changed=0    unreachable=0    failed=0    skipped=4    rescued=0    ignored=0   
2026-09-04 14:16:41,159 p=1959 u=ansible n=ansible WARNING| [WARNING]: Host '192.168.100.10' is using the discovered Python interpreter at '/usr/bin/python3.14', but future installation of another Python interpreter could cause a different interpreter to be discovered. See https://docs.ansible.com/ansible-core/2.20/reference_appendices/interpreter_discovery.html for more information.

2026-09-04 14:16:41,168 p=1959 u=ansible n=ansible INFO| 192.168.100.10 | SUCCESS => {
    "ansible_facts": {
        "ansible_all_ipv4_addresses": [
            "192.168.100.10"
        ],
        "ansible_all_ipv6_addresses": [
            "fe80::e62a:4cd:2dc1:7599"
        ],
        "ansible_apparmor": {
            "status": "disabled"
        },
        "ansible_architecture": "x86_64",
        "ansible_bios_date": "09/22/2025",
        "ansible_bios_vendor": "American Megatrends Inc.",
        "ansible_bios_version": "3.5",
        "ansible_board_asset_tag": "To be filled by O.E.M.",
        "ansible_board_name": "H12DSU-iN",
        "ansible_board_serial": "UM20CS602065",
        "ansible_board_vendor": "Supermicro",
        "ansible_board_version": "1.01",
        "ansible_br20": {
            "active": true,
            "device": "br20",
            "features": {
                "esp_hw_offload": "off [fixed]",
                "esp_tx_csum_hw_offload": "off [fixed]",
                "generic_receive_offload": "on",
                "generic_segmentation_offload": "on",
                "highdma": "on",
                "hsr_dup_offload": "off [fixed]",
                "hsr_fwd_offload": "off [fixed]",
                "hsr_tag_ins_offload": "off [fixed]",
                "hsr_tag_rm_offload": "off [fixed]",
                "hw_tc_offload": "off [fixed]",
                "l2_fwd_offload": "off [fixed]",
                "large_receive_offload": "off [fixed]",
                "loopback": "off [fixed]",
                "macsec_hw_offload": "off [fixed]",
                "ntuple_filters": "off [fixed]",
                "receive_hashing": "off [fixed]",
                "rx_all": "off [fixed]",
                "rx_checksumming": "off [fixed]",
                "rx_fcs": "off [fixed]",
                "rx_gro_hw": "off [fixed]",
                "rx_gro_list": "off",
                "rx_udp_gro_forwarding": "off",
                "rx_udp_tunnel_port_offload": "off [fixed]",
                "rx_vlan_filter": "off [fixed]",
                "rx_vlan_offload": "off [fixed]",
                "rx_vlan_stag_filter": "off [fixed]",
                "rx_vlan_stag_hw_parse": "off [fixed]",
                "scatter_gather": "on",
                "tcp_segmentation_offload": "on",
                "tls_hw_record": "off [fixed]",
                "tls_hw_rx_offload": "off [fixed]",
                "tls_hw_tx_offload": "off [fixed]",
                "tx_checksum_fcoe_crc": "off [fixed]",
                "tx_checksum_ip_generic": "on",
                "tx_checksum_ipv4": "off [fixed]",
                "tx_checksum_ipv6": "off [fixed]",
                "tx_checksum_sctp": "off [fixed]",
                "tx_checksumming": "on",
                "tx_esp_segmentation": "on",
                "tx_fcoe_segmentation": "off [requested on]",
                "tx_gre_csum_segmentation": "on",
                "tx_gre_segmentation": "on",
                "tx_gso_list": "off [requested on]",
                "tx_gso_partial": "on",
                "tx_gso_robust": "off [requested on]",
                "tx_ipxip4_segmentation": "on",
                "tx_ipxip6_segmentation": "on",
                "tx_nocache_copy": "off",
                "tx_scatter_gather": "on",
                "tx_scatter_gather_fraglist": "off [requested on]",
                "tx_sctp_segmentation": "off [requested on]",
                "tx_tcp6_segmentation": "on",
                "tx_tcp_ecn_segmentation": "on",
                "tx_tcp_mangleid_segmentation": "on",
                "tx_tcp_segmentation": "on",
                "tx_tunnel_remcsum_segmentation": "on",
                "tx_udp_segmentation": "on",
                "tx_udp_tnl_csum_segmentation": "on",
                "tx_udp_tnl_segmentation": "on",
                "tx_vlan_offload": "on",
                "tx_vlan_stag_hw_insert": "on",
                "vlan_challenged": "off [fixed]"
            },
            "hw_timestamp_filters": [],
            "id": "8000.3cecef5d4801",
            "interfaces": [
                "enp68s0f1"
            ],
            "ipv4": {
                "address": "192.168.100.10",
                "broadcast": "192.168.100.255",
                "netmask": "255.255.255.0",
                "network": "192.168.100.0",
                "prefix": "24"
            },
            "ipv6": [
                {
                    "address": "fe80::e62a:4cd:2dc1:7599",
                    "prefix": "64",
                    "scope": "link"
                }
            ],
            "macaddress": "3c:ec:ef:5d:48:01",
            "mtu": 1500,
            "promisc": false,
            "speed": 1000,
            "stp": true,
            "timestamping": [],
            "type": "bridge"
        },
        "ansible_chassis_asset_tag": "To be filled by O.E.M.",
        "ansible_chassis_serial": "C829UAK09P20269",
        "ansible_chassis_vendor": "Supermicro",
        "ansible_chassis_version": "0123456789",
        "ansible_cmdline": {
            "BOOT_IMAGE": "(hd1,gpt2)/vmlinuz-5.14.0-611.11.1.el9_7.x86_64",
            "crashkernel": "1G-2G:192M,2G-64G:256M,64G-:512M",
            "quiet": true,
            "rd.lvm.lv": "rhel/swap",
            "resume": "/dev/mapper/rhel-swap",
            "rhgb": true,
            "ro": true,
            "root": "/dev/mapper/rhel-root"
        },
        "ansible_date_time": {
            "date": "2026-09-04",
            "day": "04",
            "epoch": "1788502600",
            "epoch_int": "1788502600",
            "hour": "14",
            "iso8601": "2026-09-04T06:16:40Z",
            "iso8601_basic": "20260904T141640181899",
            "iso8601_basic_short": "20260904T141640",
            "iso8601_micro": "2026-09-04T06:16:40.181899Z",
            "minute": "16",
            "month": "09",
            "second": "40",
            "time": "14:16:40",
            "tz": "CST",
            "tz_dst": "CST",
            "tz_offset": "+0800",
            "weekday": "Friday",
            "weekday_number": "5",
            "weeknumber": "35",
            "year": "2026"
        },
        "ansible_default_ipv4": {
            "address": "192.168.100.10",
            "alias": "br20",
            "broadcast": "192.168.100.255",
            "gateway": "192.168.100.1",
            "interface": "br20",
            "macaddress": "3c:ec:ef:5d:48:01",
            "mtu": 1500,
            "netmask": "255.255.255.0",
            "network": "192.168.100.0",
            "prefix": "24",
            "type": "bridge"
        },
        "ansible_default_ipv6": {},
        "ansible_device_links": {
            "ids": {
                "dm-0": [
                    "dm-name-rhel-root",
                    "dm-uuid-LVM-DOD9ROtkXXpDmFwLWj24wFgFgldsS2K9Ofw04jefZaM7OV4oF9KcVpuafbKwcAwa"
                ],
                "dm-1": [
                    "dm-name-rhel-swap",
                    "dm-uuid-LVM-DOD9ROtkXXpDmFwLWj24wFgFgldsS2K9bMf7b5RbwkXlm1dWY48afyw70iqa5B6s"
                ],
                "dm-2": [
                    "dm-name-rhel-home",
                    "dm-uuid-LVM-DOD9ROtkXXpDmFwLWj24wFgFgldsS2K9Blrx53kD54ZOssIXvYxBNM1ejwUr1U8M"
                ],
                "sda": [
                    "ata-INTEL_SSDSC2KG480G8_PHYG04010003480BGN",
                    "scsi-0ATA_INTEL_SSDSC2KG48_PHYG04010003480BGN",
                    "scsi-1ATA_INTEL_SSDSC2KG480G8_PHYG04010003480BGN",
                    "scsi-355cd2e41530aa3d0",
                    "scsi-SATA_INTEL_SSDSC2KG48_PHYG04010003480BGN",
                    "wwn-0x55cd2e41530aa3d0"
                ],
                "sda1": [
                    "ata-INTEL_SSDSC2KG480G8_PHYG04010003480BGN-part1",
                    "scsi-0ATA_INTEL_SSDSC2KG48_PHYG04010003480BGN-part1",
                    "scsi-1ATA_INTEL_SSDSC2KG480G8_PHYG04010003480BGN-part1",
                    "scsi-355cd2e41530aa3d0-part1",
                    "scsi-SATA_INTEL_SSDSC2KG48_PHYG04010003480BGN-part1",
                    "wwn-0x55cd2e41530aa3d0-part1"
                ],
                "sda2": [
                    "ata-INTEL_SSDSC2KG480G8_PHYG04010003480BGN-part2",
                    "scsi-0ATA_INTEL_SSDSC2KG48_PHYG04010003480BGN-part2",
                    "scsi-1ATA_INTEL_SSDSC2KG480G8_PHYG04010003480BGN-part2",
                    "scsi-355cd2e41530aa3d0-part2",
                    "scsi-SATA_INTEL_SSDSC2KG48_PHYG04010003480BGN-part2",
                    "wwn-0x55cd2e41530aa3d0-part2"
                ],
                "sda3": [
                    "ata-INTEL_SSDSC2KG480G8_PHYG04010003480BGN-part3",
                    "lvm-pv-uuid-hiMFhC-HnTM-eEM3-PhCG-DP8c-bDIK-oqsD1t",
                    "scsi-0ATA_INTEL_SSDSC2KG48_PHYG04010003480BGN-part3",
                    "scsi-1ATA_INTEL_SSDSC2KG480G8_PHYG04010003480BGN-part3",
                    "scsi-355cd2e41530aa3d0-part3",
                    "scsi-SATA_INTEL_SSDSC2KG48_PHYG04010003480BGN-part3",
                    "wwn-0x55cd2e41530aa3d0-part3"
                ],
                "sdb": [
                    "ata-INTEL_SSDSC2KG480G8_PHYG040201FS480BGN",
                    "scsi-0ATA_INTEL_SSDSC2KG48_PHYG040201FS480BGN",
                    "scsi-1ATA_INTEL_SSDSC2KG480G8_PHYG040201FS480BGN",
                    "scsi-355cd2e41530ad0b2",
                    "scsi-SATA_INTEL_SSDSC2KG48_PHYG040201FS480BGN",
                    "wwn-0x55cd2e41530ad0b2"
                ]
            },
            "labels": {},
            "masters": {
                "sda3": [
                    "dm-0",
                    "dm-1",
                    "dm-2"
                ]
            },
            "uuids": {
                "dm-0": [
                    "dc16af16-a05e-4710-9e69-44c5578e3bf4"
                ],
                "dm-1": [
                    "b2162a23-d394-4d5b-a13f-54db7d7ec1a4"
                ],
                "dm-2": [
                    "eee7f419-c424-42e8-887b-c364ea88a15f"
                ],
                "sda1": [
                    "408B-F4F2"
                ],
                "sda2": [
                    "b3a25f30-9881-4d8b-a4ae-4f390dac7ae7"
                ]
            }
        },
        "ansible_devices": {
            "dm-0": {
                "holders": [],
                "host": "",
                "links": {
                    "ids": [
                        "dm-name-rhel-root",
                        "dm-uuid-LVM-DOD9ROtkXXpDmFwLWj24wFgFgldsS2K9Ofw04jefZaM7OV4oF9KcVpuafbKwcAwa"
                    ],
                    "labels": [],
                    "masters": [],
                    "uuids": [
                        "dc16af16-a05e-4710-9e69-44c5578e3bf4"
                    ]
                },
                "model": null,
                "partitions": {},
                "removable": "0",
                "rotational": "0",
                "sas_address": null,
                "sas_device_handle": null,
                "scheduler_mode": "",
                "sectors": 146800640,
                "sectorsize": "512",
                "serial": "PHYG04010003480BGN",
                "size": "70.00 GB",
                "support_discard": "4096",
                "vendor": null,
                "virtual": 1
            },
            "dm-1": {
                "holders": [],
                "host": "",
                "links": {
                    "ids": [
                        "dm-name-rhel-swap",
                        "dm-uuid-LVM-DOD9ROtkXXpDmFwLWj24wFgFgldsS2K9bMf7b5RbwkXlm1dWY48afyw70iqa5B6s"
                    ],
                    "labels": [],
                    "masters": [],
                    "uuids": [
                        "b2162a23-d394-4d5b-a13f-54db7d7ec1a4"
                    ]
                },
                "model": null,
                "partitions": {},
                "removable": "0",
                "rotational": "0",
                "sas_address": null,
                "sas_device_handle": null,
                "scheduler_mode": "",
                "sectors": 8388608,
                "sectorsize": "512",
                "serial": "PHYG04010003480BGN",
                "size": "4.00 GB",
                "support_discard": "4096",
                "vendor": null,
                "virtual": 1
            },
            "dm-2": {
                "holders": [],
                "host": "",
                "links": {
                    "ids": [
                        "dm-name-rhel-home",
                        "dm-uuid-LVM-DOD9ROtkXXpDmFwLWj24wFgFgldsS2K9Blrx53kD54ZOssIXvYxBNM1ejwUr1U8M"
                    ],
                    "labels": [],
                    "masters": [],
                    "uuids": [
                        "eee7f419-c424-42e8-887b-c364ea88a15f"
                    ]
                },
                "model": null,
                "partitions": {},
                "removable": "0",
                "rotational": "0",
                "sas_address": null,
                "sas_device_handle": null,
                "scheduler_mode": "",
                "sectors": 779182080,
                "sectorsize": "512",
                "serial": "PHYG04010003480BGN",
                "size": "371.54 GB",
                "support_discard": "4096",
                "vendor": null,
                "virtual": 1
            },
            "sda": {
                "holders": [],
                "host": "SATA controller: Advanced Micro Devices, Inc. [AMD] FCH SATA Controller [AHCI mode] (rev 51)",
                "links": {
                    "ids": [
                        "ata-INTEL_SSDSC2KG480G8_PHYG04010003480BGN",
                        "scsi-0ATA_INTEL_SSDSC2KG48_PHYG04010003480BGN",
                        "scsi-1ATA_INTEL_SSDSC2KG480G8_PHYG04010003480BGN",
                        "scsi-355cd2e41530aa3d0",
                        "scsi-SATA_INTEL_SSDSC2KG48_PHYG04010003480BGN",
                        "wwn-0x55cd2e41530aa3d0"
                    ],
                    "labels": [],
                    "masters": [],
                    "uuids": []
                },
                "model": "INTEL SSDSC2KG48",
                "partitions": {
                    "sda1": {
                        "holders": [],
                        "links": {
                            "ids": [
                                "ata-INTEL_SSDSC2KG480G8_PHYG04010003480BGN-part1",
                                "scsi-0ATA_INTEL_SSDSC2KG48_PHYG04010003480BGN-part1",
                                "scsi-1ATA_INTEL_SSDSC2KG480G8_PHYG04010003480BGN-part1",
                                "scsi-355cd2e41530aa3d0-part1",
                                "scsi-SATA_INTEL_SSDSC2KG48_PHYG04010003480BGN-part1",
                                "wwn-0x55cd2e41530aa3d0-part1"
                            ],
                            "labels": [],
                            "masters": [],
                            "uuids": [
                                "408B-F4F2"
                            ]
                        },
                        "sectors": 1228800,
                        "sectorsize": 512,
                        "size": "600.00 MB",
                        "start": "2048",
                        "uuid": "408B-F4F2"
                    },
                    "sda2": {
                        "holders": [],
                        "links": {
                            "ids": [
                                "ata-INTEL_SSDSC2KG480G8_PHYG04010003480BGN-part2",
                                "scsi-0ATA_INTEL_SSDSC2KG48_PHYG04010003480BGN-part2",
                                "scsi-1ATA_INTEL_SSDSC2KG480G8_PHYG04010003480BGN-part2",
                                "scsi-355cd2e41530aa3d0-part2",
                                "scsi-SATA_INTEL_SSDSC2KG48_PHYG04010003480BGN-part2",
                                "wwn-0x55cd2e41530aa3d0-part2"
                            ],
                            "labels": [],
                            "masters": [],
                            "uuids": [
                                "b3a25f30-9881-4d8b-a4ae-4f390dac7ae7"
                            ]
                        },
                        "sectors": 2097152,
                        "sectorsize": 512,
                        "size": "1.00 GB",
                        "start": "1230848",
                        "uuid": "b3a25f30-9881-4d8b-a4ae-4f390dac7ae7"
                    },
                    "sda3": {
                        "holders": [
                            "rhel-swap",
                            "rhel-home",
                            "rhel-root"
                        ],
                        "links": {
                            "ids": [
                                "ata-INTEL_SSDSC2KG480G8_PHYG04010003480BGN-part3",
                                "lvm-pv-uuid-hiMFhC-HnTM-eEM3-PhCG-DP8c-bDIK-oqsD1t",
                                "scsi-0ATA_INTEL_SSDSC2KG48_PHYG04010003480BGN-part3",
                                "scsi-1ATA_INTEL_SSDSC2KG480G8_PHYG04010003480BGN-part3",
                                "scsi-355cd2e41530aa3d0-part3",
                                "scsi-SATA_INTEL_SSDSC2KG48_PHYG04010003480BGN-part3",
                                "wwn-0x55cd2e41530aa3d0-part3"
                            ],
                            "labels": [],
                            "masters": [
                                "dm-0",
                                "dm-1",
                                "dm-2"
                            ],
                            "uuids": []
                        },
                        "sectors": 934373376,
                        "sectorsize": 512,
                        "size": "445.54 GB",
                        "start": "3328000",
                        "uuid": null
                    }
                },
                "removable": "0",
                "rotational": "0",
                "sas_address": null,
                "sas_device_handle": null,
                "scheduler_mode": "mq-deadline",
                "sectors": 937703088,
                "sectorsize": "512",
                "serial": "PHYG04010003480BGN",
                "size": "447.13 GB",
                "support_discard": "4096",
                "vendor": "ATA",
                "virtual": 1,
                "wwn": "0x55cd2e41530aa3d0"
            },
            "sdb": {
                "holders": [],
                "host": "SATA controller: Advanced Micro Devices, Inc. [AMD] FCH SATA Controller [AHCI mode] (rev 51)",
                "links": {
                    "ids": [
                        "ata-INTEL_SSDSC2KG480G8_PHYG040201FS480BGN",
                        "scsi-0ATA_INTEL_SSDSC2KG48_PHYG040201FS480BGN",
                        "scsi-1ATA_INTEL_SSDSC2KG480G8_PHYG040201FS480BGN",
                        "scsi-355cd2e41530ad0b2",
                        "scsi-SATA_INTEL_SSDSC2KG48_PHYG040201FS480BGN",
                        "wwn-0x55cd2e41530ad0b2"
                    ],
                    "labels": [],
                    "masters": [],
                    "uuids": []
                },
                "model": "INTEL SSDSC2KG48",
                "partitions": {},
                "removable": "0",
                "rotational": "0",
                "sas_address": null,
                "sas_device_handle": null,
                "scheduler_mode": "mq-deadline",
                "sectors": 937703088,
                "sectorsize": "512",
                "serial": "PHYG040201FS480BGN",
                "size": "447.13 GB",
                "support_discard": "4096",
                "vendor": "ATA",
                "virtual": 1,
                "wwn": "0x55cd2e41530ad0b2"
            }
        },
        "ansible_distribution": "RedHat",
        "ansible_distribution_file_parsed": true,
        "ansible_distribution_file_path": "/etc/redhat-release",
        "ansible_distribution_file_search_string": "Red Hat",
        "ansible_distribution_file_variety": "RedHat",
        "ansible_distribution_major_version": "9",
        "ansible_distribution_release": "Plow",
        "ansible_distribution_version": "9.8",
        "ansible_dns": {
            "nameservers": [
                "8.8.8.8"
            ]
        },
        "ansible_domain": "",
        "ansible_effective_group_id": 0,
        "ansible_effective_user_id": 0,
        "ansible_enp68s0f0": {
            "active": false,
            "device": "enp68s0f0",
            "features": {
                "esp_hw_offload": "off [fixed]",
                "esp_tx_csum_hw_offload": "off [fixed]",
                "generic_receive_offload": "on",
                "generic_segmentation_offload": "on",
                "highdma": "on",
                "hsr_dup_offload": "off [fixed]",
                "hsr_fwd_offload": "off [fixed]",
                "hsr_tag_ins_offload": "off [fixed]",
                "hsr_tag_rm_offload": "off [fixed]",
                "hw_tc_offload": "off",
                "l2_fwd_offload": "off",
                "large_receive_offload": "off [fixed]",
                "loopback": "off",
                "macsec_hw_offload": "off [fixed]",
                "ntuple_filters": "on",
                "receive_hashing": "on",
                "rx_all": "off [fixed]",
                "rx_checksumming": "on",
                "rx_fcs": "off [fixed]",
                "rx_gro_hw": "off [fixed]",
                "rx_gro_list": "off",
                "rx_udp_gro_forwarding": "off",
                "rx_udp_tunnel_port_offload": "on",
                "rx_vlan_filter": "on [fixed]",
                "rx_vlan_offload": "on",
                "rx_vlan_stag_filter": "off [fixed]",
                "rx_vlan_stag_hw_parse": "off [fixed]",
                "scatter_gather": "on",
                "tcp_segmentation_offload": "on",
                "tls_hw_record": "off [fixed]",
                "tls_hw_rx_offload": "off [fixed]",
                "tls_hw_tx_offload": "off [fixed]",
                "tx_checksum_fcoe_crc": "off [fixed]",
                "tx_checksum_ip_generic": "on",
                "tx_checksum_ipv4": "off [fixed]",
                "tx_checksum_ipv6": "off [fixed]",
                "tx_checksum_sctp": "on",
                "tx_checksumming": "on",
                "tx_esp_segmentation": "off [fixed]",
                "tx_fcoe_segmentation": "off [fixed]",
                "tx_gre_csum_segmentation": "on",
                "tx_gre_segmentation": "on",
                "tx_gso_list": "off [fixed]",
                "tx_gso_partial": "on",
                "tx_gso_robust": "off [fixed]",
                "tx_ipxip4_segmentation": "on",
                "tx_ipxip6_segmentation": "on",
                "tx_nocache_copy": "off",
                "tx_scatter_gather": "on",
                "tx_scatter_gather_fraglist": "off [fixed]",
                "tx_sctp_segmentation": "off [fixed]",
                "tx_tcp6_segmentation": "on",
                "tx_tcp_ecn_segmentation": "on",
                "tx_tcp_mangleid_segmentation": "off",
                "tx_tcp_segmentation": "on",
                "tx_tunnel_remcsum_segmentation": "off [fixed]",
                "tx_udp_segmentation": "on",
                "tx_udp_tnl_csum_segmentation": "on",
                "tx_udp_tnl_segmentation": "on",
                "tx_vlan_offload": "on",
                "tx_vlan_stag_hw_insert": "off [fixed]",
                "vlan_challenged": "off [fixed]"
            },
            "hw_timestamp_filters": [],
            "macaddress": "3c:ec:ef:5d:48:00",
            "module": "i40e",
            "mtu": 1500,
            "pciid": "0000:44:00.0",
            "promisc": false,
            "speed": -1,
            "timestamping": [],
            "type": "ether"
        },
        "ansible_enp68s0f1": {
            "active": true,
            "device": "enp68s0f1",
            "features": {
                "esp_hw_offload": "off [fixed]",
                "esp_tx_csum_hw_offload": "off [fixed]",
                "generic_receive_offload": "on",
                "generic_segmentation_offload": "on",
                "highdma": "on",
                "hsr_dup_offload": "off [fixed]",
                "hsr_fwd_offload": "off [fixed]",
                "hsr_tag_ins_offload": "off [fixed]",
                "hsr_tag_rm_offload": "off [fixed]",
                "hw_tc_offload": "off",
                "l2_fwd_offload": "off",
                "large_receive_offload": "off [fixed]",
                "loopback": "off",
                "macsec_hw_offload": "off [fixed]",
                "ntuple_filters": "on",
                "receive_hashing": "on",
                "rx_all": "off [fixed]",
                "rx_checksumming": "on",
                "rx_fcs": "off [fixed]",
                "rx_gro_hw": "off [fixed]",
                "rx_gro_list": "off",
                "rx_udp_gro_forwarding": "off",
                "rx_udp_tunnel_port_offload": "on",
                "rx_vlan_filter": "on [fixed]",
                "rx_vlan_offload": "on",
                "rx_vlan_stag_filter": "off [fixed]",
                "rx_vlan_stag_hw_parse": "off [fixed]",
                "scatter_gather": "on",
                "tcp_segmentation_offload": "on",
                "tls_hw_record": "off [fixed]",
                "tls_hw_rx_offload": "off [fixed]",
                "tls_hw_tx_offload": "off [fixed]",
                "tx_checksum_fcoe_crc": "off [fixed]",
                "tx_checksum_ip_generic": "on",
                "tx_checksum_ipv4": "off [fixed]",
                "tx_checksum_ipv6": "off [fixed]",
                "tx_checksum_sctp": "on",
                "tx_checksumming": "on",
                "tx_esp_segmentation": "off [fixed]",
                "tx_fcoe_segmentation": "off [fixed]",
                "tx_gre_csum_segmentation": "on",
                "tx_gre_segmentation": "on",
                "tx_gso_list": "off [fixed]",
                "tx_gso_partial": "on",
                "tx_gso_robust": "off [fixed]",
                "tx_ipxip4_segmentation": "on",
                "tx_ipxip6_segmentation": "on",
                "tx_nocache_copy": "off",
                "tx_scatter_gather": "on",
                "tx_scatter_gather_fraglist": "off [fixed]",
                "tx_sctp_segmentation": "off [fixed]",
                "tx_tcp6_segmentation": "on",
                "tx_tcp_ecn_segmentation": "on",
                "tx_tcp_mangleid_segmentation": "off",
                "tx_tcp_segmentation": "on",
                "tx_tunnel_remcsum_segmentation": "off [fixed]",
                "tx_udp_segmentation": "on",
                "tx_udp_tnl_csum_segmentation": "on",
                "tx_udp_tnl_segmentation": "on",
                "tx_vlan_offload": "on",
                "tx_vlan_stag_hw_insert": "off [fixed]",
                "vlan_challenged": "off [fixed]"
            },
            "hw_timestamp_filters": [],
            "macaddress": "3c:ec:ef:5d:48:01",
            "module": "i40e",
            "mtu": 1500,
            "pciid": "0000:44:00.1",
            "promisc": true,
            "speed": 1000,
            "timestamping": [],
            "type": "ether"
        },
        "ansible_env": {
            "HOME": "/root",
            "LANG": "en_US.UTF-8",
            "LOGNAME": "root",
            "LS_COLORS": "rs=0:di=01;34:ln=01;36:mh=00:pi=40;33:so=01;35:do=01;35:bd=40;33;01:cd=40;33;01:or=40;31;01:mi=01;37;41:su=37;41:sg=30;43:ca=30;41:tw=30;42:ow=34;42:st=37;44:ex=01;32:*.tar=01;31:*.tgz=01;31:*.arc=01;31:*.arj=01;31:*.taz=01;31:*.lha=01;31:*.lz4=01;31:*.lzh=01;31:*.lzma=01;31:*.tlz=01;31:*.txz=01;31:*.tzo=01;31:*.t7z=01;31:*.zip=01;31:*.z=01;31:*.dz=01;31:*.gz=01;31:*.lrz=01;31:*.lz=01;31:*.lzo=01;31:*.xz=01;31:*.zst=01;31:*.tzst=01;31:*.bz2=01;31:*.bz=01;31:*.tbz=01;31:*.tbz2=01;31:*.tz=01;31:*.deb=01;31:*.rpm=01;31:*.jar=01;31:*.war=01;31:*.ear=01;31:*.sar=01;31:*.rar=01;31:*.alz=01;31:*.ace=01;31:*.zoo=01;31:*.cpio=01;31:*.7z=01;31:*.rz=01;31:*.cab=01;31:*.wim=01;31:*.swm=01;31:*.dwm=01;31:*.esd=01;31:*.jpg=01;35:*.jpeg=01;35:*.mjpg=01;35:*.mjpeg=01;35:*.gif=01;35:*.bmp=01;35:*.pbm=01;35:*.pgm=01;35:*.ppm=01;35:*.tga=01;35:*.xbm=01;35:*.xpm=01;35:*.tif=01;35:*.tiff=01;35:*.png=01;35:*.svg=01;35:*.svgz=01;35:*.mng=01;35:*.pcx=01;35:*.mov=01;35:*.mpg=01;35:*.mpeg=01;35:*.m2v=01;35:*.mkv=01;35:*.webm=01;35:*.webp=01;35:*.ogm=01;35:*.mp4=01;35:*.m4v=01;35:*.mp4v=01;35:*.vob=01;35:*.qt=01;35:*.nuv=01;35:*.wmv=01;35:*.asf=01;35:*.rm=01;35:*.rmvb=01;35:*.flc=01;35:*.avi=01;35:*.fli=01;35:*.flv=01;35:*.gl=01;35:*.dl=01;35:*.xcf=01;35:*.xwd=01;35:*.yuv=01;35:*.cgm=01;35:*.emf=01;35:*.ogv=01;35:*.ogx=01;35:*.aac=01;36:*.au=01;36:*.flac=01;36:*.m4a=01;36:*.mid=01;36:*.midi=01;36:*.mka=01;36:*.mp3=01;36:*.mpc=01;36:*.ogg=01;36:*.ra=01;36:*.wav=01;36:*.oga=01;36:*.opus=01;36:*.spx=01;36:*.xspf=01;36:",
            "MAIL": "/var/mail/root",
            "PATH": "/sbin:/bin:/usr/sbin:/usr/bin",
            "PWD": "/home/ansible",
            "SHELL": "/bin/bash",
            "SHLVL": "0",
            "SUDO_COMMAND": "/bin/sh -c echo BECOME-SUCCESS-gdmycimknrdsvavhneypewvdqrsziefr ; /usr/bin/python3.14 /home/ansible/.ansible/tmp/ansible-tmp-1788502597.594144-1963-106823406247365/AnsiballZ_setup.py",
            "SUDO_GID": "1001",
            "SUDO_HOME": "/home/ansible",
            "SUDO_TTY": "/dev/pts/0",
            "SUDO_UID": "1001",
            "SUDO_USER": "ansible",
            "TERM": "xterm-256color",
            "USER": "root",
            "_": "/usr/bin/python3.14"
        },
        "ansible_fibre_channel_wwn": [],
        "ansible_fips": false,
        "ansible_flags": [
            "fpu",
            "vme",
            "de",
            "pse",
            "tsc",
            "msr",
            "pae",
            "mce",
            "cx8",
            "apic",
            "sep",
            "mtrr",
            "pge",
            "mca",
            "cmov",
            "pat",
            "pse36",
            "clflush",
            "mmx",
            "fxsr",
            "sse",
            "sse2",
            "ht",
            "syscall",
            "nx",
            "mmxext",
            "fxsr_opt",
            "pdpe1gb",
            "rdtscp",
            "lm",
            "constant_tsc",
            "rep_good",
            "nopl",
            "xtopology",
            "nonstop_tsc",
            "cpuid",
            "extd_apicid",
            "aperfmperf",
            "rapl",
            "pni",
            "pclmulqdq",
            "monitor",
            "ssse3",
            "fma",
            "cx16",
            "sse4_1",
            "sse4_2",
            "movbe",
            "popcnt",
            "aes",
            "xsave",
            "avx",
            "f16c",
            "rdrand",
            "lahf_lm",
            "cmp_legacy",
            "svm",
            "extapic",
            "cr8_legacy",
            "abm",
            "sse4a",
            "misalignsse",
            "3dnowprefetch",
            "osvw",
            "ibs",
            "skinit",
            "wdt",
            "tce",
            "topoext",
            "perfctr_core",
            "perfctr_nb",
            "bpext",
            "perfctr_llc",
            "mwaitx",
            "cpb",
            "cat_l3",
            "cdp_l3",
            "hw_pstate",
            "ssbd",
            "mba",
            "ibrs",
            "ibpb",
            "stibp",
            "vmmcall",
            "fsgsbase",
            "bmi1",
            "avx2",
            "smep",
            "bmi2",
            "cqm",
            "rdt_a",
            "rdseed",
            "adx",
            "smap",
            "clflushopt",
            "clwb",
            "sha_ni",
            "xsaveopt",
            "xsavec",
            "xgetbv1",
            "xsaves",
            "cqm_llc",
            "cqm_occup_llc",
            "cqm_mbm_total",
            "cqm_mbm_local",
            "clzero",
            "irperf",
            "xsaveerptr",
            "rdpru",
            "wbnoinvd",
            "amd_ppin",
            "arat",
            "npt",
            "lbrv",
            "svm_lock",
            "nrip_save",
            "tsc_scale",
            "vmcb_clean",
            "flushbyasid",
            "decodeassists",
            "pausefilter",
            "pfthreshold",
            "avic",
            "v_vmsave_vmload",
            "vgif",
            "v_spec_ctrl",
            "umip",
            "rdpid",
            "overflow_recov",
            "succor",
            "smca",
            "sev",
            "sev_es"
        ],
        "ansible_form_factor": "Other",
        "ansible_fqdn": "33KW",
        "ansible_hostname": "33KW",
        "ansible_hostnqn": "nqn.2014-08.org.nvmexpress:uuid:48bb5000-54d3-11eb-8000-3cecef5d4800",
        "ansible_interfaces": [
            "enp68s0f1",
            "lo",
            "br20",
            "enp68s0f0"
        ],
        "ansible_is_chroot": false,
        "ansible_iscsi_iqn": "iqn.1994-05.com.redhat:a1ae1f1bc76",
        "ansible_kernel": "5.14.0-611.11.1.el9_7.x86_64",
        "ansible_kernel_version": "#1 SMP PREEMPT_DYNAMIC Tue Nov 25 05:13:22 EST 2025",
        "ansible_lo": {
            "active": true,
            "device": "lo",
            "features": {
                "esp_hw_offload": "off [fixed]",
                "esp_tx_csum_hw_offload": "off [fixed]",
                "generic_receive_offload": "on",
                "generic_segmentation_offload": "on",
                "highdma": "on [fixed]",
                "hsr_dup_offload": "off [fixed]",
                "hsr_fwd_offload": "off [fixed]",
                "hsr_tag_ins_offload": "off [fixed]",
                "hsr_tag_rm_offload": "off [fixed]",
                "hw_tc_offload": "off [fixed]",
                "l2_fwd_offload": "off [fixed]",
                "large_receive_offload": "off [fixed]",
                "loopback": "on [fixed]",
                "macsec_hw_offload": "off [fixed]",
                "ntuple_filters": "off [fixed]",
                "receive_hashing": "off [fixed]",
                "rx_all": "off [fixed]",
                "rx_checksumming": "on [fixed]",
                "rx_fcs": "off [fixed]",
                "rx_gro_hw": "off [fixed]",
                "rx_gro_list": "off",
                "rx_udp_gro_forwarding": "off",
                "rx_udp_tunnel_port_offload": "off [fixed]",
                "rx_vlan_filter": "off [fixed]",
                "rx_vlan_offload": "off [fixed]",
                "rx_vlan_stag_filter": "off [fixed]",
                "rx_vlan_stag_hw_parse": "off [fixed]",
                "scatter_gather": "on",
                "tcp_segmentation_offload": "on",
                "tls_hw_record": "off [fixed]",
                "tls_hw_rx_offload": "off [fixed]",
                "tls_hw_tx_offload": "off [fixed]",
                "tx_checksum_fcoe_crc": "off [fixed]",
                "tx_checksum_ip_generic": "on [fixed]",
                "tx_checksum_ipv4": "off [fixed]",
                "tx_checksum_ipv6": "off [fixed]",
                "tx_checksum_sctp": "on [fixed]",
                "tx_checksumming": "on",
                "tx_esp_segmentation": "off [fixed]",
                "tx_fcoe_segmentation": "off [fixed]",
                "tx_gre_csum_segmentation": "off [fixed]",
                "tx_gre_segmentation": "off [fixed]",
                "tx_gso_list": "on",
                "tx_gso_partial": "off [fixed]",
                "tx_gso_robust": "off [fixed]",
                "tx_ipxip4_segmentation": "off [fixed]",
                "tx_ipxip6_segmentation": "off [fixed]",
                "tx_nocache_copy": "off [fixed]",
                "tx_scatter_gather": "on [fixed]",
                "tx_scatter_gather_fraglist": "on [fixed]",
                "tx_sctp_segmentation": "on",
                "tx_tcp6_segmentation": "on",
                "tx_tcp_ecn_segmentation": "on",
                "tx_tcp_mangleid_segmentation": "on",
                "tx_tcp_segmentation": "on",
                "tx_tunnel_remcsum_segmentation": "off [fixed]",
                "tx_udp_segmentation": "on",
                "tx_udp_tnl_csum_segmentation": "off [fixed]",
                "tx_udp_tnl_segmentation": "off [fixed]",
                "tx_vlan_offload": "off [fixed]",
                "tx_vlan_stag_hw_insert": "off [fixed]",
                "vlan_challenged": "on [fixed]"
            },
            "hw_timestamp_filters": [],
            "ipv4": {
                "address": "127.0.0.1",
                "broadcast": "",
                "netmask": "255.0.0.0",
                "network": "127.0.0.0",
                "prefix": "8"
            },
            "ipv6": [
                {
                    "address": "::1",
                    "prefix": "128",
                    "scope": "host"
                }
            ],
            "mtu": 65536,
            "promisc": false,
            "timestamping": [],
            "type": "loopback"
        },
        "ansible_loadavg": {
            "15m": 0.0,
            "1m": 0.04,
            "5m": 0.01
        },
        "ansible_local": {},
        "ansible_locally_reachable_ips": {
            "ipv4": [
                "127.0.0.0/8",
                "127.0.0.1",
                "192.168.100.10"
            ],
            "ipv6": [
                "::1",
                "fe80::e62a:4cd:2dc1:7599"
            ]
        },
        "ansible_lsb": {},
        "ansible_lvm": {
            "lvs": {
                "home": {
                    "size_g": "371.54",
                    "vg": "rhel"
                },
                "root": {
                    "size_g": "70.00",
                    "vg": "rhel"
                },
                "swap": {
                    "size_g": "4.00",
                    "vg": "rhel"
                }
            },
            "pvs": {
                "/dev/sda3": {
                    "free_g": "0",
                    "size_g": "445.54",
                    "vg": "rhel"
                }
            },
            "vgs": {
                "rhel": {
                    "free_g": "0",
                    "lvs": {
                        "home": {
                            "size_g": "371.54"
                        },
                        "root": {
                            "size_g": "70.00"
                        },
                        "swap": {
                            "size_g": "4.00"
                        }
                    },
                    "num_lvs": "3",
                    "num_pvs": "1",
                    "size_g": "445.54"
                }
            }
        },
        "ansible_machine": "x86_64",
        "ansible_machine_id": "4bcf872a48c04ebf919ab61b4ec25fde",
        "ansible_memfree_mb": 117491,
        "ansible_memory_mb": {
            "nocache": {
                "free": 125806,
                "used": 2431
            },
            "real": {
                "free": 117491,
                "total": 128237,
                "used": 10746
            },
            "swap": {
                "cached": 0,
                "free": 4095,
                "total": 4095,
                "used": 0
            }
        },
        "ansible_memtotal_mb": 128237,
        "ansible_mounts": [
            {
                "block_available": 10834324,
                "block_size": 4096,
                "block_total": 18341120,
                "block_used": 7506796,
                "device": "/dev/mapper/rhel-root",
                "dump": 0,
                "fstype": "xfs",
                "inode_available": 36476294,
                "inode_total": 36700160,
                "inode_used": 223866,
                "mount": "/",
                "options": "rw,seclabel,relatime,attr2,inode64,logbufs=8,logbsize=32k,noquota",
                "passno": 0,
                "size_available": 44377391104,
                "size_total": 75125227520,
                "uuid": "dc16af16-a05e-4710-9e69-44c5578e3bf4"
            },
            {
                "block_available": 142170,
                "block_size": 4096,
                "block_total": 259584,
                "block_used": 117414,
                "device": "/dev/sda2",
                "dump": 0,
                "fstype": "xfs",
                "inode_available": 524190,
                "inode_total": 524288,
                "inode_used": 98,
                "mount": "/boot",
                "options": "rw,seclabel,relatime,attr2,inode64,logbufs=8,logbsize=32k,noquota",
                "passno": 0,
                "size_available": 582328320,
                "size_total": 1063256064,
                "uuid": "b3a25f30-9881-4d8b-a4ae-4f390dac7ae7"
            },
            {
                "block_available": 96580187,
                "block_size": 4096,
                "block_total": 97350203,
                "block_used": 770016,
                "device": "/dev/mapper/rhel-home",
                "dump": 0,
                "fstype": "xfs",
                "inode_available": 194778276,
                "inode_total": 194795520,
                "inode_used": 17244,
                "mount": "/home",
                "options": "rw,seclabel,relatime,attr2,inode64,logbufs=8,logbsize=32k,noquota",
                "passno": 0,
                "size_available": 395592445952,
                "size_total": 398746431488,
                "uuid": "eee7f419-c424-42e8-887b-c364ea88a15f"
            },
            {
                "block_available": 151335,
                "block_size": 4096,
                "block_total": 153290,
                "block_used": 1955,
                "device": "/dev/sda1",
                "dump": 0,
                "fstype": "vfat",
                "inode_available": 0,
                "inode_total": 0,
                "inode_used": 0,
                "mount": "/boot/efi",
                "options": "rw,relatime,fmask=0077,dmask=0077,codepage=437,iocharset=ascii,shortname=winnt,errors=remount-ro",
                "passno": 0,
                "size_available": 619868160,
                "size_total": 627875840,
                "uuid": "408B-F4F2"
            }
        ],
        "ansible_nodename": "33KW",
        "ansible_os_family": "RedHat",
        "ansible_pkg_mgr": "dnf",
        "ansible_proc_cmdline": {
            "BOOT_IMAGE": "(hd1,gpt2)/vmlinuz-5.14.0-611.11.1.el9_7.x86_64",
            "crashkernel": "1G-2G:192M,2G-64G:256M,64G-:512M",
            "quiet": true,
            "rd.lvm.lv": [
                "rhel/root",
                "rhel/swap"
            ],
            "resume": "/dev/mapper/rhel-swap",
            "rhgb": true,
            "ro": true,
            "root": "/dev/mapper/rhel-root"
        },
        "ansible_processor": [
            "0",
            "AuthenticAMD",
            "AMD EPYC 7302 16-Core Processor",
            "1",
            "AuthenticAMD",
            "AMD EPYC 7302 16-Core Processor",
            "2",
            "AuthenticAMD",
            "AMD EPYC 7302 16-Core Processor",
            "3",
            "AuthenticAMD",
            "AMD EPYC 7302 16-Core Processor",
            "4",
            "AuthenticAMD",
            "AMD EPYC 7302 16-Core Processor",
            "5",
            "AuthenticAMD",
            "AMD EPYC 7302 16-Core Processor",
            "6",
            "AuthenticAMD",
            "AMD EPYC 7302 16-Core Processor",
            "7",
            "AuthenticAMD",
            "AMD EPYC 7302 16-Core Processor",
            "8",
            "AuthenticAMD",
            "AMD EPYC 7302 16-Core Processor",
            "9",
            "AuthenticAMD",
            "AMD EPYC 7302 16-Core Processor",
            "10",
            "AuthenticAMD",
            "AMD EPYC 7302 16-Core Processor",
            "11",
            "AuthenticAMD",
            "AMD EPYC 7302 16-Core Processor",
            "12",
            "AuthenticAMD",
            "AMD EPYC 7302 16-Core Processor",
            "13",
            "AuthenticAMD",
            "AMD EPYC 7302 16-Core Processor",
            "14",
            "AuthenticAMD",
            "AMD EPYC 7302 16-Core Processor",
            "15",
            "AuthenticAMD",
            "AMD EPYC 7302 16-Core Processor",
            "16",
            "AuthenticAMD",
            "AMD EPYC 7302 16-Core Processor",
            "17",
            "AuthenticAMD",
            "AMD EPYC 7302 16-Core Processor",
            "18",
            "AuthenticAMD",
            "AMD EPYC 7302 16-Core Processor",
            "19",
            "AuthenticAMD",
            "AMD EPYC 7302 16-Core Processor",
            "20",
            "AuthenticAMD",
            "AMD EPYC 7302 16-Core Processor",
            "21",
            "AuthenticAMD",
            "AMD EPYC 7302 16-Core Processor",
            "22",
            "AuthenticAMD",
            "AMD EPYC 7302 16-Core Processor",
            "23",
            "AuthenticAMD",
            "AMD EPYC 7302 16-Core Processor",
            "24",
            "AuthenticAMD",
            "AMD EPYC 7302 16-Core Processor",
            "25",
            "AuthenticAMD",
            "AMD EPYC 7302 16-Core Processor",
            "26",
            "AuthenticAMD",
            "AMD EPYC 7302 16-Core Processor",
            "27",
            "AuthenticAMD",
            "AMD EPYC 7302 16-Core Processor",
            "28",
            "AuthenticAMD",
            "AMD EPYC 7302 16-Core Processor",
            "29",
            "AuthenticAMD",
            "AMD EPYC 7302 16-Core Processor",
            "30",
            "AuthenticAMD",
            "AMD EPYC 7302 16-Core Processor",
            "31",
            "AuthenticAMD",
            "AMD EPYC 7302 16-Core Processor",
            "32",
            "AuthenticAMD",
            "AMD EPYC 7302 16-Core Processor",
            "33",
            "AuthenticAMD",
            "AMD EPYC 7302 16-Core Processor",
            "34",
            "AuthenticAMD",
            "AMD EPYC 7302 16-Core Processor",
            "35",
            "AuthenticAMD",
            "AMD EPYC 7302 16-Core Processor",
            "36",
            "AuthenticAMD",
            "AMD EPYC 7302 16-Core Processor",
            "37",
            "AuthenticAMD",
            "AMD EPYC 7302 16-Core Processor",
            "38",
            "AuthenticAMD",
            "AMD EPYC 7302 16-Core Processor",
            "39",
            "AuthenticAMD",
            "AMD EPYC 7302 16-Core Processor",
            "40",
            "AuthenticAMD",
            "AMD EPYC 7302 16-Core Processor",
            "41",
            "AuthenticAMD",
            "AMD EPYC 7302 16-Core Processor",
            "42",
            "AuthenticAMD",
            "AMD EPYC 7302 16-Core Processor",
            "43",
            "AuthenticAMD",
            "AMD EPYC 7302 16-Core Processor",
            "44",
            "AuthenticAMD",
            "AMD EPYC 7302 16-Core Processor",
            "45",
            "AuthenticAMD",
            "AMD EPYC 7302 16-Core Processor",
            "46",
            "AuthenticAMD",
            "AMD EPYC 7302 16-Core Processor",
            "47",
            "AuthenticAMD",
            "AMD EPYC 7302 16-Core Processor",
            "48",
            "AuthenticAMD",
            "AMD EPYC 7302 16-Core Processor",
            "49",
            "AuthenticAMD",
            "AMD EPYC 7302 16-Core Processor",
            "50",
            "AuthenticAMD",
            "AMD EPYC 7302 16-Core Processor",
            "51",
            "AuthenticAMD",
            "AMD EPYC 7302 16-Core Processor",
            "52",
            "AuthenticAMD",
            "AMD EPYC 7302 16-Core Processor",
            "53",
            "AuthenticAMD",
            "AMD EPYC 7302 16-Core Processor",
            "54",
            "AuthenticAMD",
            "AMD EPYC 7302 16-Core Processor",
            "55",
            "AuthenticAMD",
            "AMD EPYC 7302 16-Core Processor",
            "56",
            "AuthenticAMD",
            "AMD EPYC 7302 16-Core Processor",
            "57",
            "AuthenticAMD",
            "AMD EPYC 7302 16-Core Processor",
            "58",
            "AuthenticAMD",
            "AMD EPYC 7302 16-Core Processor",
            "59",
            "AuthenticAMD",
            "AMD EPYC 7302 16-Core Processor",
            "60",
            "AuthenticAMD",
            "AMD EPYC 7302 16-Core Processor",
            "61",
            "AuthenticAMD",
            "AMD EPYC 7302 16-Core Processor",
            "62",
            "AuthenticAMD",
            "AMD EPYC 7302 16-Core Processor",
            "63",
            "AuthenticAMD",
            "AMD EPYC 7302 16-Core Processor"
        ],
        "ansible_processor_cores": 16,
        "ansible_processor_count": 2,
        "ansible_processor_nproc": 64,
        "ansible_processor_threads_per_core": 2,
        "ansible_processor_vcpus": 64,
        "ansible_product_name": "AS -2024US-TRT",
        "ansible_product_serial": "A412679X1306719",
        "ansible_product_uuid": "48bb5000-54d3-11eb-8000-3cecef5d4800",
        "ansible_product_version": "0123456789",
        "ansible_python": {
            "executable": "/usr/bin/python3.14",
            "has_sslcontext": true,
            "type": "cpython",
            "version": {
                "major": 3,
                "micro": 7,
                "minor": 14,
                "releaselevel": "final",
                "serial": 0
            },
            "version_info": [
                3,
                14,
                7,
                "final",
                0
            ]
        },
        "ansible_python_version": "3.14.7",
        "ansible_real_group_id": 0,
        "ansible_real_user_id": 0,
        "ansible_selinux": {
            "config_mode": "enforcing",
            "mode": "enforcing",
            "policyvers": 33,
            "status": "enabled",
            "type": "targeted"
        },
        "ansible_selinux_python_present": true,
        "ansible_service_mgr": "systemd",
        "ansible_ssh_host_key_ecdsa_public": "AAAAE2VjZHNhLXNoYTItbmlzdHAyNTYAAAAIbmlzdHAyNTYAAABBBIWAQHo/wzDyeI+w9suz9O1DcNCVnlTVNtGbi0H044gW0HnR1AHZPUlprVxTSAmLhN+zO1mfdlXSnOGIiEuA16k=",
        "ansible_ssh_host_key_ecdsa_public_keytype": "ecdsa-sha2-nistp256",
        "ansible_ssh_host_key_ed25519_public": "AAAAC3NzaC1lZDI1NTE5AAAAIBY44Q0e4k6Zx6U26gK/aI1Fc0/8cGluKW6UocsXZpjC",
        "ansible_ssh_host_key_ed25519_public_keytype": "ssh-ed25519",
        "ansible_ssh_host_key_rsa_public": "AAAAB3NzaC1yc2EAAAADAQABAAABgQCSMtsDys4WTN8B31GUym+oPvE6kAX7xEqk7JZXVK7y6lzxWQPpwIs4JWCdkXmyzdL0Hg4SdrFH9V51SLCF3aeMREGgvCw3eLJu9KjoHJLX4rYgTHIRJ4+8yAtm/vAbyIRGVo5za0OwQE2GhxM8rVpGYJEAZyngfNBbPLu1MNk2aXdd6xV0zUrirEES3rxLOCsikfvx2zepoQFz1Yqll3L1wVjQdxRrlnPvugvC7NkmTWqG2BPsuohya4elhYJ1/S4UEYUlTKbowdeAX1hyX7BDTi9W8uEAPsehwMbhEZjLXF9mtFlFnPp3AKKh+TNxQVWrGhpjgXYIoEsPklGVyhusjljZrQyL1/vOrFlbR9CwLM6JXPJHOT9fhH/ByVeJ088LwBCAQDZANWB4ddMRZ7WLVBLQLtQ4dNaAjLyAMqKoKgiupXXmXTaCAJKdYRjURtP9tVd0cJVOOhMYiYlG0dn0hi5YEH7ostaojj7qUrLs8M7GRg3SWvQLuOBbvL0aZak=",
        "ansible_ssh_host_key_rsa_public_keytype": "ssh-rsa",
        "ansible_swapfree_mb": 4095,
        "ansible_swaptotal_mb": 4095,
        "ansible_system": "Linux",
        "ansible_system_capabilities": [],
        "ansible_system_capabilities_enforced": "False",
        "ansible_system_vendor": "Supermicro",
        "ansible_systemd": {
            "features": "+PAM +AUDIT +SELINUX -APPARMOR +IMA +SMACK +SECCOMP +GCRYPT +GNUTLS +OPENSSL +ACL +BLKID +CURL +ELFUTILS +FIDO2 +IDN2 -IDN -IPTC +KMOD +LIBCRYPTSETUP +LIBFDISK +PCRE2 -PWQUALITY +P11KIT -QRENCODE +TPM2 +BZIP2 +LZ4 +XZ +ZLIB +ZSTD -BPF_FRAMEWORK +XKBCOMMON +UTMP +SYSVINIT default-hierarchy=unified",
            "version": 252
        },
        "ansible_uptime_seconds": 3277819,
        "ansible_user_dir": "/root",
        "ansible_user_gecos": "root",
        "ansible_user_gid": 0,
        "ansible_user_id": "root",
        "ansible_user_shell": "/bin/bash",
        "ansible_user_uid": 0,
        "ansible_userspace_architecture": "x86_64",
        "ansible_userspace_bits": "64",
        "ansible_virtualization_role": "host",
        "ansible_virtualization_tech_guest": [],
        "ansible_virtualization_tech_host": [
            "kvm"
        ],
        "ansible_virtualization_type": "kvm",
        "discovered_interpreter_python": "/usr/bin/python3.14",
        "gather_subset": [
            "all"
        ],
        "module_setup": true
    },
    "changed": false
}
2026-09-04 14:25:15,655 p=2061 u=ansible n=ansible INFO| PLAY [all] *********************************************************************
2026-09-04 14:25:15,663 p=2061 u=ansible n=ansible INFO| TASK [Gathering Facts] *********************************************************
2026-09-04 14:25:19,157 p=2061 u=ansible n=ansible WARNING| [WARNING]: Host '192.168.100.10' is using the discovered Python interpreter at '/usr/bin/python3.14', but future installation of another Python interpreter could cause a different interpreter to be discovered. See https://docs.ansible.com/ansible-core/2.20/reference_appendices/interpreter_discovery.html for more information.

2026-09-04 14:25:19,158 p=2061 u=ansible n=ansible INFO| ok: [192.168.100.10]
2026-09-04 14:25:19,161 p=2061 u=ansible n=ansible INFO| TASK [update repository index for Ubuntu] **************************************
2026-09-04 14:25:19,176 p=2061 u=ansible n=ansible INFO| skipping: [192.168.100.10]
2026-09-04 14:25:19,181 p=2061 u=ansible n=ansible INFO| TASK [install apache2 and php package for Ubuntu] ******************************
2026-09-04 14:25:19,196 p=2061 u=ansible n=ansible INFO| skipping: [192.168.100.10]
2026-09-04 14:25:19,201 p=2061 u=ansible n=ansible INFO| TASK [update repostory index for Redhat] ***************************************
2026-09-04 14:25:19,215 p=2061 u=ansible n=ansible INFO| skipping: [192.168.100.10]
2026-09-04 14:25:19,219 p=2061 u=ansible n=ansible INFO| TASK [install httpd and php package for Centor] ********************************
2026-09-04 14:25:19,233 p=2061 u=ansible n=ansible INFO| skipping: [192.168.100.10]
2026-09-04 14:25:19,235 p=2061 u=ansible n=ansible INFO| PLAY RECAP *********************************************************************
2026-09-04 14:25:19,235 p=2061 u=ansible n=ansible INFO| 192.168.100.10             : ok=1    changed=0    unreachable=0    failed=0    skipped=4    rescued=0    ignored=0   
2026-09-04 14:26:39,056 p=2134 u=ansible n=ansible INFO| PLAY [all] *********************************************************************
2026-09-04 14:26:39,063 p=2134 u=ansible n=ansible INFO| TASK [Gathering Facts] *********************************************************
2026-09-04 14:26:42,187 p=2134 u=ansible n=ansible WARNING| [WARNING]: Host '192.168.100.10' is using the discovered Python interpreter at '/usr/bin/python3.14', but future installation of another Python interpreter could cause a different interpreter to be discovered. See https://docs.ansible.com/ansible-core/2.20/reference_appendices/interpreter_discovery.html for more information.

2026-09-04 14:26:42,187 p=2134 u=ansible n=ansible INFO| ok: [192.168.100.10]
2026-09-04 14:26:42,191 p=2134 u=ansible n=ansible INFO| TASK [update repository index for Ubuntu] **************************************
2026-09-04 14:26:42,204 p=2134 u=ansible n=ansible INFO| skipping: [192.168.100.10]
2026-09-04 14:26:42,208 p=2134 u=ansible n=ansible INFO| TASK [install apache2 and php package for Ubuntu] ******************************
2026-09-04 14:26:42,221 p=2134 u=ansible n=ansible INFO| skipping: [192.168.100.10]
2026-09-04 14:26:42,225 p=2134 u=ansible n=ansible INFO| TASK [update repostory index for Redhat] ***************************************
2026-09-04 14:26:42,238 p=2134 u=ansible n=ansible INFO| skipping: [192.168.100.10]
2026-09-04 14:26:42,241 p=2134 u=ansible n=ansible INFO| TASK [install httpd and php package for Centor] ********************************
2026-09-04 14:26:42,254 p=2134 u=ansible n=ansible INFO| skipping: [192.168.100.10]
2026-09-04 14:26:42,255 p=2134 u=ansible n=ansible INFO| PLAY RECAP *********************************************************************
2026-09-04 14:26:42,255 p=2134 u=ansible n=ansible INFO| 192.168.100.10             : ok=1    changed=0    unreachable=0    failed=0    skipped=4    rescued=0    ignored=0   
2026-09-04 14:27:42,413 p=2186 u=ansible n=ansible WARNING| [WARNING]: Host '192.168.100.10' is using the discovered Python interpreter at '/usr/bin/python3.14', but future installation of another Python interpreter could cause a different interpreter to be discovered. See https://docs.ansible.com/ansible-core/2.20/reference_appendices/interpreter_discovery.html for more information.

2026-09-04 14:27:42,421 p=2186 u=ansible n=ansible INFO| 192.168.100.10 | SUCCESS => {
    "ansible_facts": {
        "ansible_all_ipv4_addresses": [
            "192.168.100.10"
        ],
        "ansible_all_ipv6_addresses": [
            "fe80::e62a:4cd:2dc1:7599"
        ],
        "ansible_apparmor": {
            "status": "disabled"
        },
        "ansible_architecture": "x86_64",
        "ansible_bios_date": "09/22/2025",
        "ansible_bios_vendor": "American Megatrends Inc.",
        "ansible_bios_version": "3.5",
        "ansible_board_asset_tag": "To be filled by O.E.M.",
        "ansible_board_name": "H12DSU-iN",
        "ansible_board_serial": "UM20CS602065",
        "ansible_board_vendor": "Supermicro",
        "ansible_board_version": "1.01",
        "ansible_br20": {
            "active": true,
            "device": "br20",
            "features": {
                "esp_hw_offload": "off [fixed]",
                "esp_tx_csum_hw_offload": "off [fixed]",
                "generic_receive_offload": "on",
                "generic_segmentation_offload": "on",
                "highdma": "on",
                "hsr_dup_offload": "off [fixed]",
                "hsr_fwd_offload": "off [fixed]",
                "hsr_tag_ins_offload": "off [fixed]",
                "hsr_tag_rm_offload": "off [fixed]",
                "hw_tc_offload": "off [fixed]",
                "l2_fwd_offload": "off [fixed]",
                "large_receive_offload": "off [fixed]",
                "loopback": "off [fixed]",
                "macsec_hw_offload": "off [fixed]",
                "ntuple_filters": "off [fixed]",
                "receive_hashing": "off [fixed]",
                "rx_all": "off [fixed]",
                "rx_checksumming": "off [fixed]",
                "rx_fcs": "off [fixed]",
                "rx_gro_hw": "off [fixed]",
                "rx_gro_list": "off",
                "rx_udp_gro_forwarding": "off",
                "rx_udp_tunnel_port_offload": "off [fixed]",
                "rx_vlan_filter": "off [fixed]",
                "rx_vlan_offload": "off [fixed]",
                "rx_vlan_stag_filter": "off [fixed]",
                "rx_vlan_stag_hw_parse": "off [fixed]",
                "scatter_gather": "on",
                "tcp_segmentation_offload": "on",
                "tls_hw_record": "off [fixed]",
                "tls_hw_rx_offload": "off [fixed]",
                "tls_hw_tx_offload": "off [fixed]",
                "tx_checksum_fcoe_crc": "off [fixed]",
                "tx_checksum_ip_generic": "on",
                "tx_checksum_ipv4": "off [fixed]",
                "tx_checksum_ipv6": "off [fixed]",
                "tx_checksum_sctp": "off [fixed]",
                "tx_checksumming": "on",
                "tx_esp_segmentation": "on",
                "tx_fcoe_segmentation": "off [requested on]",
                "tx_gre_csum_segmentation": "on",
                "tx_gre_segmentation": "on",
                "tx_gso_list": "off [requested on]",
                "tx_gso_partial": "on",
                "tx_gso_robust": "off [requested on]",
                "tx_ipxip4_segmentation": "on",
                "tx_ipxip6_segmentation": "on",
                "tx_nocache_copy": "off",
                "tx_scatter_gather": "on",
                "tx_scatter_gather_fraglist": "off [requested on]",
                "tx_sctp_segmentation": "off [requested on]",
                "tx_tcp6_segmentation": "on",
                "tx_tcp_ecn_segmentation": "on",
                "tx_tcp_mangleid_segmentation": "on",
                "tx_tcp_segmentation": "on",
                "tx_tunnel_remcsum_segmentation": "on",
                "tx_udp_segmentation": "on",
                "tx_udp_tnl_csum_segmentation": "on",
                "tx_udp_tnl_segmentation": "on",
                "tx_vlan_offload": "on",
                "tx_vlan_stag_hw_insert": "on",
                "vlan_challenged": "off [fixed]"
            },
            "hw_timestamp_filters": [],
            "id": "8000.3cecef5d4801",
            "interfaces": [
                "enp68s0f1"
            ],
            "ipv4": {
                "address": "192.168.100.10",
                "broadcast": "192.168.100.255",
                "netmask": "255.255.255.0",
                "network": "192.168.100.0",
                "prefix": "24"
            },
            "ipv6": [
                {
                    "address": "fe80::e62a:4cd:2dc1:7599",
                    "prefix": "64",
                    "scope": "link"
                }
            ],
            "macaddress": "3c:ec:ef:5d:48:01",
            "mtu": 1500,
            "promisc": false,
            "speed": 1000,
            "stp": true,
            "timestamping": [],
            "type": "bridge"
        },
        "ansible_chassis_asset_tag": "To be filled by O.E.M.",
        "ansible_chassis_serial": "C829UAK09P20269",
        "ansible_chassis_vendor": "Supermicro",
        "ansible_chassis_version": "0123456789",
        "ansible_cmdline": {
            "BOOT_IMAGE": "(hd1,gpt2)/vmlinuz-5.14.0-611.11.1.el9_7.x86_64",
            "crashkernel": "1G-2G:192M,2G-64G:256M,64G-:512M",
            "quiet": true,
            "rd.lvm.lv": "rhel/swap",
            "resume": "/dev/mapper/rhel-swap",
            "rhgb": true,
            "ro": true,
            "root": "/dev/mapper/rhel-root"
        },
        "ansible_date_time": {
            "date": "2026-09-04",
            "day": "04",
            "epoch": "1788503261",
            "epoch_int": "1788503261",
            "hour": "14",
            "iso8601": "2026-09-04T06:27:41Z",
            "iso8601_basic": "20260904T142741394201",
            "iso8601_basic_short": "20260904T142741",
            "iso8601_micro": "2026-09-04T06:27:41.394201Z",
            "minute": "27",
            "month": "09",
            "second": "41",
            "time": "14:27:41",
            "tz": "CST",
            "tz_dst": "CST",
            "tz_offset": "+0800",
            "weekday": "Friday",
            "weekday_number": "5",
            "weeknumber": "35",
            "year": "2026"
        },
        "ansible_default_ipv4": {
            "address": "192.168.100.10",
            "alias": "br20",
            "broadcast": "192.168.100.255",
            "gateway": "192.168.100.1",
            "interface": "br20",
            "macaddress": "3c:ec:ef:5d:48:01",
            "mtu": 1500,
            "netmask": "255.255.255.0",
            "network": "192.168.100.0",
            "prefix": "24",
            "type": "bridge"
        },
        "ansible_default_ipv6": {},
        "ansible_device_links": {
            "ids": {
                "dm-0": [
                    "dm-name-rhel-root",
                    "dm-uuid-LVM-DOD9ROtkXXpDmFwLWj24wFgFgldsS2K9Ofw04jefZaM7OV4oF9KcVpuafbKwcAwa"
                ],
                "dm-1": [
                    "dm-name-rhel-swap",
                    "dm-uuid-LVM-DOD9ROtkXXpDmFwLWj24wFgFgldsS2K9bMf7b5RbwkXlm1dWY48afyw70iqa5B6s"
                ],
                "dm-2": [
                    "dm-name-rhel-home",
                    "dm-uuid-LVM-DOD9ROtkXXpDmFwLWj24wFgFgldsS2K9Blrx53kD54ZOssIXvYxBNM1ejwUr1U8M"
                ],
                "sda": [
                    "ata-INTEL_SSDSC2KG480G8_PHYG04010003480BGN",
                    "scsi-0ATA_INTEL_SSDSC2KG48_PHYG04010003480BGN",
                    "scsi-1ATA_INTEL_SSDSC2KG480G8_PHYG04010003480BGN",
                    "scsi-355cd2e41530aa3d0",
                    "scsi-SATA_INTEL_SSDSC2KG48_PHYG04010003480BGN",
                    "wwn-0x55cd2e41530aa3d0"
                ],
                "sda1": [
                    "ata-INTEL_SSDSC2KG480G8_PHYG04010003480BGN-part1",
                    "scsi-0ATA_INTEL_SSDSC2KG48_PHYG04010003480BGN-part1",
                    "scsi-1ATA_INTEL_SSDSC2KG480G8_PHYG04010003480BGN-part1",
                    "scsi-355cd2e41530aa3d0-part1",
                    "scsi-SATA_INTEL_SSDSC2KG48_PHYG04010003480BGN-part1",
                    "wwn-0x55cd2e41530aa3d0-part1"
                ],
                "sda2": [
                    "ata-INTEL_SSDSC2KG480G8_PHYG04010003480BGN-part2",
                    "scsi-0ATA_INTEL_SSDSC2KG48_PHYG04010003480BGN-part2",
                    "scsi-1ATA_INTEL_SSDSC2KG480G8_PHYG04010003480BGN-part2",
                    "scsi-355cd2e41530aa3d0-part2",
                    "scsi-SATA_INTEL_SSDSC2KG48_PHYG04010003480BGN-part2",
                    "wwn-0x55cd2e41530aa3d0-part2"
                ],
                "sda3": [
                    "ata-INTEL_SSDSC2KG480G8_PHYG04010003480BGN-part3",
                    "lvm-pv-uuid-hiMFhC-HnTM-eEM3-PhCG-DP8c-bDIK-oqsD1t",
                    "scsi-0ATA_INTEL_SSDSC2KG48_PHYG04010003480BGN-part3",
                    "scsi-1ATA_INTEL_SSDSC2KG480G8_PHYG04010003480BGN-part3",
                    "scsi-355cd2e41530aa3d0-part3",
                    "scsi-SATA_INTEL_SSDSC2KG48_PHYG04010003480BGN-part3",
                    "wwn-0x55cd2e41530aa3d0-part3"
                ],
                "sdb": [
                    "ata-INTEL_SSDSC2KG480G8_PHYG040201FS480BGN",
                    "scsi-0ATA_INTEL_SSDSC2KG48_PHYG040201FS480BGN",
                    "scsi-1ATA_INTEL_SSDSC2KG480G8_PHYG040201FS480BGN",
                    "scsi-355cd2e41530ad0b2",
                    "scsi-SATA_INTEL_SSDSC2KG48_PHYG040201FS480BGN",
                    "wwn-0x55cd2e41530ad0b2"
                ]
            },
            "labels": {},
            "masters": {
                "sda3": [
                    "dm-0",
                    "dm-1",
                    "dm-2"
                ]
            },
            "uuids": {
                "dm-0": [
                    "dc16af16-a05e-4710-9e69-44c5578e3bf4"
                ],
                "dm-1": [
                    "b2162a23-d394-4d5b-a13f-54db7d7ec1a4"
                ],
                "dm-2": [
                    "eee7f419-c424-42e8-887b-c364ea88a15f"
                ],
                "sda1": [
                    "408B-F4F2"
                ],
                "sda2": [
                    "b3a25f30-9881-4d8b-a4ae-4f390dac7ae7"
                ]
            }
        },
        "ansible_devices": {
            "dm-0": {
                "holders": [],
                "host": "",
                "links": {
                    "ids": [
                        "dm-name-rhel-root",
                        "dm-uuid-LVM-DOD9ROtkXXpDmFwLWj24wFgFgldsS2K9Ofw04jefZaM7OV4oF9KcVpuafbKwcAwa"
                    ],
                    "labels": [],
                    "masters": [],
                    "uuids": [
                        "dc16af16-a05e-4710-9e69-44c5578e3bf4"
                    ]
                },
                "model": null,
                "partitions": {},
                "removable": "0",
                "rotational": "0",
                "sas_address": null,
                "sas_device_handle": null,
                "scheduler_mode": "",
                "sectors": 146800640,
                "sectorsize": "512",
                "serial": "PHYG04010003480BGN",
                "size": "70.00 GB",
                "support_discard": "4096",
                "vendor": null,
                "virtual": 1
            },
            "dm-1": {
                "holders": [],
                "host": "",
                "links": {
                    "ids": [
                        "dm-name-rhel-swap",
                        "dm-uuid-LVM-DOD9ROtkXXpDmFwLWj24wFgFgldsS2K9bMf7b5RbwkXlm1dWY48afyw70iqa5B6s"
                    ],
                    "labels": [],
                    "masters": [],
                    "uuids": [
                        "b2162a23-d394-4d5b-a13f-54db7d7ec1a4"
                    ]
                },
                "model": null,
                "partitions": {},
                "removable": "0",
                "rotational": "0",
                "sas_address": null,
                "sas_device_handle": null,
                "scheduler_mode": "",
                "sectors": 8388608,
                "sectorsize": "512",
                "serial": "PHYG04010003480BGN",
                "size": "4.00 GB",
                "support_discard": "4096",
                "vendor": null,
                "virtual": 1
            },
            "dm-2": {
                "holders": [],
                "host": "",
                "links": {
                    "ids": [
                        "dm-name-rhel-home",
                        "dm-uuid-LVM-DOD9ROtkXXpDmFwLWj24wFgFgldsS2K9Blrx53kD54ZOssIXvYxBNM1ejwUr1U8M"
                    ],
                    "labels": [],
                    "masters": [],
                    "uuids": [
                        "eee7f419-c424-42e8-887b-c364ea88a15f"
                    ]
                },
                "model": null,
                "partitions": {},
                "removable": "0",
                "rotational": "0",
                "sas_address": null,
                "sas_device_handle": null,
                "scheduler_mode": "",
                "sectors": 779182080,
                "sectorsize": "512",
                "serial": "PHYG04010003480BGN",
                "size": "371.54 GB",
                "support_discard": "4096",
                "vendor": null,
                "virtual": 1
            },
            "sda": {
                "holders": [],
                "host": "SATA controller: Advanced Micro Devices, Inc. [AMD] FCH SATA Controller [AHCI mode] (rev 51)",
                "links": {
                    "ids": [
                        "ata-INTEL_SSDSC2KG480G8_PHYG04010003480BGN",
                        "scsi-0ATA_INTEL_SSDSC2KG48_PHYG04010003480BGN",
                        "scsi-1ATA_INTEL_SSDSC2KG480G8_PHYG04010003480BGN",
                        "scsi-355cd2e41530aa3d0",
                        "scsi-SATA_INTEL_SSDSC2KG48_PHYG04010003480BGN",
                        "wwn-0x55cd2e41530aa3d0"
                    ],
                    "labels": [],
                    "masters": [],
                    "uuids": []
                },
                "model": "INTEL SSDSC2KG48",
                "partitions": {
                    "sda1": {
                        "holders": [],
                        "links": {
                            "ids": [
                                "ata-INTEL_SSDSC2KG480G8_PHYG04010003480BGN-part1",
                                "scsi-0ATA_INTEL_SSDSC2KG48_PHYG04010003480BGN-part1",
                                "scsi-1ATA_INTEL_SSDSC2KG480G8_PHYG04010003480BGN-part1",
                                "scsi-355cd2e41530aa3d0-part1",
                                "scsi-SATA_INTEL_SSDSC2KG48_PHYG04010003480BGN-part1",
                                "wwn-0x55cd2e41530aa3d0-part1"
                            ],
                            "labels": [],
                            "masters": [],
                            "uuids": [
                                "408B-F4F2"
                            ]
                        },
                        "sectors": 1228800,
                        "sectorsize": 512,
                        "size": "600.00 MB",
                        "start": "2048",
                        "uuid": "408B-F4F2"
                    },
                    "sda2": {
                        "holders": [],
                        "links": {
                            "ids": [
                                "ata-INTEL_SSDSC2KG480G8_PHYG04010003480BGN-part2",
                                "scsi-0ATA_INTEL_SSDSC2KG48_PHYG04010003480BGN-part2",
                                "scsi-1ATA_INTEL_SSDSC2KG480G8_PHYG04010003480BGN-part2",
                                "scsi-355cd2e41530aa3d0-part2",
                                "scsi-SATA_INTEL_SSDSC2KG48_PHYG04010003480BGN-part2",
                                "wwn-0x55cd2e41530aa3d0-part2"
                            ],
                            "labels": [],
                            "masters": [],
                            "uuids": [
                                "b3a25f30-9881-4d8b-a4ae-4f390dac7ae7"
                            ]
                        },
                        "sectors": 2097152,
                        "sectorsize": 512,
                        "size": "1.00 GB",
                        "start": "1230848",
                        "uuid": "b3a25f30-9881-4d8b-a4ae-4f390dac7ae7"
                    },
                    "sda3": {
                        "holders": [
                            "rhel-swap",
                            "rhel-home",
                            "rhel-root"
                        ],
                        "links": {
                            "ids": [
                                "ata-INTEL_SSDSC2KG480G8_PHYG04010003480BGN-part3",
                                "lvm-pv-uuid-hiMFhC-HnTM-eEM3-PhCG-DP8c-bDIK-oqsD1t",
                                "scsi-0ATA_INTEL_SSDSC2KG48_PHYG04010003480BGN-part3",
                                "scsi-1ATA_INTEL_SSDSC2KG480G8_PHYG04010003480BGN-part3",
                                "scsi-355cd2e41530aa3d0-part3",
                                "scsi-SATA_INTEL_SSDSC2KG48_PHYG04010003480BGN-part3",
                                "wwn-0x55cd2e41530aa3d0-part3"
                            ],
                            "labels": [],
                            "masters": [
                                "dm-0",
                                "dm-1",
                                "dm-2"
                            ],
                            "uuids": []
                        },
                        "sectors": 934373376,
                        "sectorsize": 512,
                        "size": "445.54 GB",
                        "start": "3328000",
                        "uuid": null
                    }
                },
                "removable": "0",
                "rotational": "0",
                "sas_address": null,
                "sas_device_handle": null,
                "scheduler_mode": "mq-deadline",
                "sectors": 937703088,
                "sectorsize": "512",
                "serial": "PHYG04010003480BGN",
                "size": "447.13 GB",
                "support_discard": "4096",
                "vendor": "ATA",
                "virtual": 1,
                "wwn": "0x55cd2e41530aa3d0"
            },
            "sdb": {
                "holders": [],
                "host": "SATA controller: Advanced Micro Devices, Inc. [AMD] FCH SATA Controller [AHCI mode] (rev 51)",
                "links": {
                    "ids": [
                        "ata-INTEL_SSDSC2KG480G8_PHYG040201FS480BGN",
                        "scsi-0ATA_INTEL_SSDSC2KG48_PHYG040201FS480BGN",
                        "scsi-1ATA_INTEL_SSDSC2KG480G8_PHYG040201FS480BGN",
                        "scsi-355cd2e41530ad0b2",
                        "scsi-SATA_INTEL_SSDSC2KG48_PHYG040201FS480BGN",
                        "wwn-0x55cd2e41530ad0b2"
                    ],
                    "labels": [],
                    "masters": [],
                    "uuids": []
                },
                "model": "INTEL SSDSC2KG48",
                "partitions": {},
                "removable": "0",
                "rotational": "0",
                "sas_address": null,
                "sas_device_handle": null,
                "scheduler_mode": "mq-deadline",
                "sectors": 937703088,
                "sectorsize": "512",
                "serial": "PHYG040201FS480BGN",
                "size": "447.13 GB",
                "support_discard": "4096",
                "vendor": "ATA",
                "virtual": 1,
                "wwn": "0x55cd2e41530ad0b2"
            }
        },
        "ansible_distribution": "RedHat",
        "ansible_distribution_file_parsed": true,
        "ansible_distribution_file_path": "/etc/redhat-release",
        "ansible_distribution_file_search_string": "Red Hat",
        "ansible_distribution_file_variety": "RedHat",
        "ansible_distribution_major_version": "9",
        "ansible_distribution_release": "Plow",
        "ansible_distribution_version": "9.8",
        "ansible_dns": {
            "nameservers": [
                "8.8.8.8"
            ]
        },
        "ansible_domain": "",
        "ansible_effective_group_id": 0,
        "ansible_effective_user_id": 0,
        "ansible_enp68s0f0": {
            "active": false,
            "device": "enp68s0f0",
            "features": {
                "esp_hw_offload": "off [fixed]",
                "esp_tx_csum_hw_offload": "off [fixed]",
                "generic_receive_offload": "on",
                "generic_segmentation_offload": "on",
                "highdma": "on",
                "hsr_dup_offload": "off [fixed]",
                "hsr_fwd_offload": "off [fixed]",
                "hsr_tag_ins_offload": "off [fixed]",
                "hsr_tag_rm_offload": "off [fixed]",
                "hw_tc_offload": "off",
                "l2_fwd_offload": "off",
                "large_receive_offload": "off [fixed]",
                "loopback": "off",
                "macsec_hw_offload": "off [fixed]",
                "ntuple_filters": "on",
                "receive_hashing": "on",
                "rx_all": "off [fixed]",
                "rx_checksumming": "on",
                "rx_fcs": "off [fixed]",
                "rx_gro_hw": "off [fixed]",
                "rx_gro_list": "off",
                "rx_udp_gro_forwarding": "off",
                "rx_udp_tunnel_port_offload": "on",
                "rx_vlan_filter": "on [fixed]",
                "rx_vlan_offload": "on",
                "rx_vlan_stag_filter": "off [fixed]",
                "rx_vlan_stag_hw_parse": "off [fixed]",
                "scatter_gather": "on",
                "tcp_segmentation_offload": "on",
                "tls_hw_record": "off [fixed]",
                "tls_hw_rx_offload": "off [fixed]",
                "tls_hw_tx_offload": "off [fixed]",
                "tx_checksum_fcoe_crc": "off [fixed]",
                "tx_checksum_ip_generic": "on",
                "tx_checksum_ipv4": "off [fixed]",
                "tx_checksum_ipv6": "off [fixed]",
                "tx_checksum_sctp": "on",
                "tx_checksumming": "on",
                "tx_esp_segmentation": "off [fixed]",
                "tx_fcoe_segmentation": "off [fixed]",
                "tx_gre_csum_segmentation": "on",
                "tx_gre_segmentation": "on",
                "tx_gso_list": "off [fixed]",
                "tx_gso_partial": "on",
                "tx_gso_robust": "off [fixed]",
                "tx_ipxip4_segmentation": "on",
                "tx_ipxip6_segmentation": "on",
                "tx_nocache_copy": "off",
                "tx_scatter_gather": "on",
                "tx_scatter_gather_fraglist": "off [fixed]",
                "tx_sctp_segmentation": "off [fixed]",
                "tx_tcp6_segmentation": "on",
                "tx_tcp_ecn_segmentation": "on",
                "tx_tcp_mangleid_segmentation": "off",
                "tx_tcp_segmentation": "on",
                "tx_tunnel_remcsum_segmentation": "off [fixed]",
                "tx_udp_segmentation": "on",
                "tx_udp_tnl_csum_segmentation": "on",
                "tx_udp_tnl_segmentation": "on",
                "tx_vlan_offload": "on",
                "tx_vlan_stag_hw_insert": "off [fixed]",
                "vlan_challenged": "off [fixed]"
            },
            "hw_timestamp_filters": [],
            "macaddress": "3c:ec:ef:5d:48:00",
            "module": "i40e",
            "mtu": 1500,
            "pciid": "0000:44:00.0",
            "promisc": false,
            "speed": -1,
            "timestamping": [],
            "type": "ether"
        },
        "ansible_enp68s0f1": {
            "active": true,
            "device": "enp68s0f1",
            "features": {
                "esp_hw_offload": "off [fixed]",
                "esp_tx_csum_hw_offload": "off [fixed]",
                "generic_receive_offload": "on",
                "generic_segmentation_offload": "on",
                "highdma": "on",
                "hsr_dup_offload": "off [fixed]",
                "hsr_fwd_offload": "off [fixed]",
                "hsr_tag_ins_offload": "off [fixed]",
                "hsr_tag_rm_offload": "off [fixed]",
                "hw_tc_offload": "off",
                "l2_fwd_offload": "off",
                "large_receive_offload": "off [fixed]",
                "loopback": "off",
                "macsec_hw_offload": "off [fixed]",
                "ntuple_filters": "on",
                "receive_hashing": "on",
                "rx_all": "off [fixed]",
                "rx_checksumming": "on",
                "rx_fcs": "off [fixed]",
                "rx_gro_hw": "off [fixed]",
                "rx_gro_list": "off",
                "rx_udp_gro_forwarding": "off",
                "rx_udp_tunnel_port_offload": "on",
                "rx_vlan_filter": "on [fixed]",
                "rx_vlan_offload": "on",
                "rx_vlan_stag_filter": "off [fixed]",
                "rx_vlan_stag_hw_parse": "off [fixed]",
                "scatter_gather": "on",
                "tcp_segmentation_offload": "on",
                "tls_hw_record": "off [fixed]",
                "tls_hw_rx_offload": "off [fixed]",
                "tls_hw_tx_offload": "off [fixed]",
                "tx_checksum_fcoe_crc": "off [fixed]",
                "tx_checksum_ip_generic": "on",
                "tx_checksum_ipv4": "off [fixed]",
                "tx_checksum_ipv6": "off [fixed]",
                "tx_checksum_sctp": "on",
                "tx_checksumming": "on",
                "tx_esp_segmentation": "off [fixed]",
                "tx_fcoe_segmentation": "off [fixed]",
                "tx_gre_csum_segmentation": "on",
                "tx_gre_segmentation": "on",
                "tx_gso_list": "off [fixed]",
                "tx_gso_partial": "on",
                "tx_gso_robust": "off [fixed]",
                "tx_ipxip4_segmentation": "on",
                "tx_ipxip6_segmentation": "on",
                "tx_nocache_copy": "off",
                "tx_scatter_gather": "on",
                "tx_scatter_gather_fraglist": "off [fixed]",
                "tx_sctp_segmentation": "off [fixed]",
                "tx_tcp6_segmentation": "on",
                "tx_tcp_ecn_segmentation": "on",
                "tx_tcp_mangleid_segmentation": "off",
                "tx_tcp_segmentation": "on",
                "tx_tunnel_remcsum_segmentation": "off [fixed]",
                "tx_udp_segmentation": "on",
                "tx_udp_tnl_csum_segmentation": "on",
                "tx_udp_tnl_segmentation": "on",
                "tx_vlan_offload": "on",
                "tx_vlan_stag_hw_insert": "off [fixed]",
                "vlan_challenged": "off [fixed]"
            },
            "hw_timestamp_filters": [],
            "macaddress": "3c:ec:ef:5d:48:01",
            "module": "i40e",
            "mtu": 1500,
            "pciid": "0000:44:00.1",
            "promisc": true,
            "speed": 1000,
            "timestamping": [],
            "type": "ether"
        },
        "ansible_env": {
            "HOME": "/root",
            "LANG": "en_US.UTF-8",
            "LOGNAME": "root",
            "LS_COLORS": "rs=0:di=01;34:ln=01;36:mh=00:pi=40;33:so=01;35:do=01;35:bd=40;33;01:cd=40;33;01:or=40;31;01:mi=01;37;41:su=37;41:sg=30;43:ca=30;41:tw=30;42:ow=34;42:st=37;44:ex=01;32:*.tar=01;31:*.tgz=01;31:*.arc=01;31:*.arj=01;31:*.taz=01;31:*.lha=01;31:*.lz4=01;31:*.lzh=01;31:*.lzma=01;31:*.tlz=01;31:*.txz=01;31:*.tzo=01;31:*.t7z=01;31:*.zip=01;31:*.z=01;31:*.dz=01;31:*.gz=01;31:*.lrz=01;31:*.lz=01;31:*.lzo=01;31:*.xz=01;31:*.zst=01;31:*.tzst=01;31:*.bz2=01;31:*.bz=01;31:*.tbz=01;31:*.tbz2=01;31:*.tz=01;31:*.deb=01;31:*.rpm=01;31:*.jar=01;31:*.war=01;31:*.ear=01;31:*.sar=01;31:*.rar=01;31:*.alz=01;31:*.ace=01;31:*.zoo=01;31:*.cpio=01;31:*.7z=01;31:*.rz=01;31:*.cab=01;31:*.wim=01;31:*.swm=01;31:*.dwm=01;31:*.esd=01;31:*.jpg=01;35:*.jpeg=01;35:*.mjpg=01;35:*.mjpeg=01;35:*.gif=01;35:*.bmp=01;35:*.pbm=01;35:*.pgm=01;35:*.ppm=01;35:*.tga=01;35:*.xbm=01;35:*.xpm=01;35:*.tif=01;35:*.tiff=01;35:*.png=01;35:*.svg=01;35:*.svgz=01;35:*.mng=01;35:*.pcx=01;35:*.mov=01;35:*.mpg=01;35:*.mpeg=01;35:*.m2v=01;35:*.mkv=01;35:*.webm=01;35:*.webp=01;35:*.ogm=01;35:*.mp4=01;35:*.m4v=01;35:*.mp4v=01;35:*.vob=01;35:*.qt=01;35:*.nuv=01;35:*.wmv=01;35:*.asf=01;35:*.rm=01;35:*.rmvb=01;35:*.flc=01;35:*.avi=01;35:*.fli=01;35:*.flv=01;35:*.gl=01;35:*.dl=01;35:*.xcf=01;35:*.xwd=01;35:*.yuv=01;35:*.cgm=01;35:*.emf=01;35:*.ogv=01;35:*.ogx=01;35:*.aac=01;36:*.au=01;36:*.flac=01;36:*.m4a=01;36:*.mid=01;36:*.midi=01;36:*.mka=01;36:*.mp3=01;36:*.mpc=01;36:*.ogg=01;36:*.ra=01;36:*.wav=01;36:*.oga=01;36:*.opus=01;36:*.spx=01;36:*.xspf=01;36:",
            "MAIL": "/var/mail/root",
            "PATH": "/sbin:/bin:/usr/sbin:/usr/bin",
            "PWD": "/home/ansible",
            "SHELL": "/bin/bash",
            "SHLVL": "0",
            "SUDO_COMMAND": "/bin/sh -c echo BECOME-SUCCESS-iuwqfrvkxkbgugpbzcdhhwjktxcfvvge ; /usr/bin/python3.14 /home/ansible/.ansible/tmp/ansible-tmp-1788503260.170646-2191-209265718003738/AnsiballZ_setup.py",
            "SUDO_GID": "1001",
            "SUDO_HOME": "/home/ansible",
            "SUDO_TTY": "/dev/pts/0",
            "SUDO_UID": "1001",
            "SUDO_USER": "ansible",
            "TERM": "xterm-256color",
            "USER": "root",
            "_": "/usr/bin/python3.14"
        },
        "ansible_fibre_channel_wwn": [],
        "ansible_fips": false,
        "ansible_flags": [
            "fpu",
            "vme",
            "de",
            "pse",
            "tsc",
            "msr",
            "pae",
            "mce",
            "cx8",
            "apic",
            "sep",
            "mtrr",
            "pge",
            "mca",
            "cmov",
            "pat",
            "pse36",
            "clflush",
            "mmx",
            "fxsr",
            "sse",
            "sse2",
            "ht",
            "syscall",
            "nx",
            "mmxext",
            "fxsr_opt",
            "pdpe1gb",
            "rdtscp",
            "lm",
            "constant_tsc",
            "rep_good",
            "nopl",
            "xtopology",
            "nonstop_tsc",
            "cpuid",
            "extd_apicid",
            "aperfmperf",
            "rapl",
            "pni",
            "pclmulqdq",
            "monitor",
            "ssse3",
            "fma",
            "cx16",
            "sse4_1",
            "sse4_2",
            "movbe",
            "popcnt",
            "aes",
            "xsave",
            "avx",
            "f16c",
            "rdrand",
            "lahf_lm",
            "cmp_legacy",
            "svm",
            "extapic",
            "cr8_legacy",
            "abm",
            "sse4a",
            "misalignsse",
            "3dnowprefetch",
            "osvw",
            "ibs",
            "skinit",
            "wdt",
            "tce",
            "topoext",
            "perfctr_core",
            "perfctr_nb",
            "bpext",
            "perfctr_llc",
            "mwaitx",
            "cpb",
            "cat_l3",
            "cdp_l3",
            "hw_pstate",
            "ssbd",
            "mba",
            "ibrs",
            "ibpb",
            "stibp",
            "vmmcall",
            "fsgsbase",
            "bmi1",
            "avx2",
            "smep",
            "bmi2",
            "cqm",
            "rdt_a",
            "rdseed",
            "adx",
            "smap",
            "clflushopt",
            "clwb",
            "sha_ni",
            "xsaveopt",
            "xsavec",
            "xgetbv1",
            "xsaves",
            "cqm_llc",
            "cqm_occup_llc",
            "cqm_mbm_total",
            "cqm_mbm_local",
            "clzero",
            "irperf",
            "xsaveerptr",
            "rdpru",
            "wbnoinvd",
            "amd_ppin",
            "arat",
            "npt",
            "lbrv",
            "svm_lock",
            "nrip_save",
            "tsc_scale",
            "vmcb_clean",
            "flushbyasid",
            "decodeassists",
            "pausefilter",
            "pfthreshold",
            "avic",
            "v_vmsave_vmload",
            "vgif",
            "v_spec_ctrl",
            "umip",
            "rdpid",
            "overflow_recov",
            "succor",
            "smca",
            "sev",
            "sev_es"
        ],
        "ansible_form_factor": "Other",
        "ansible_fqdn": "33KW",
        "ansible_hostname": "33KW",
        "ansible_hostnqn": "nqn.2014-08.org.nvmexpress:uuid:48bb5000-54d3-11eb-8000-3cecef5d4800",
        "ansible_interfaces": [
            "enp68s0f0",
            "enp68s0f1",
            "lo",
            "br20"
        ],
        "ansible_is_chroot": false,
        "ansible_iscsi_iqn": "iqn.1994-05.com.redhat:a1ae1f1bc76",
        "ansible_kernel": "5.14.0-611.11.1.el9_7.x86_64",
        "ansible_kernel_version": "#1 SMP PREEMPT_DYNAMIC Tue Nov 25 05:13:22 EST 2025",
        "ansible_lo": {
            "active": true,
            "device": "lo",
            "features": {
                "esp_hw_offload": "off [fixed]",
                "esp_tx_csum_hw_offload": "off [fixed]",
                "generic_receive_offload": "on",
                "generic_segmentation_offload": "on",
                "highdma": "on [fixed]",
                "hsr_dup_offload": "off [fixed]",
                "hsr_fwd_offload": "off [fixed]",
                "hsr_tag_ins_offload": "off [fixed]",
                "hsr_tag_rm_offload": "off [fixed]",
                "hw_tc_offload": "off [fixed]",
                "l2_fwd_offload": "off [fixed]",
                "large_receive_offload": "off [fixed]",
                "loopback": "on [fixed]",
                "macsec_hw_offload": "off [fixed]",
                "ntuple_filters": "off [fixed]",
                "receive_hashing": "off [fixed]",
                "rx_all": "off [fixed]",
                "rx_checksumming": "on [fixed]",
                "rx_fcs": "off [fixed]",
                "rx_gro_hw": "off [fixed]",
                "rx_gro_list": "off",
                "rx_udp_gro_forwarding": "off",
                "rx_udp_tunnel_port_offload": "off [fixed]",
                "rx_vlan_filter": "off [fixed]",
                "rx_vlan_offload": "off [fixed]",
                "rx_vlan_stag_filter": "off [fixed]",
                "rx_vlan_stag_hw_parse": "off [fixed]",
                "scatter_gather": "on",
                "tcp_segmentation_offload": "on",
                "tls_hw_record": "off [fixed]",
                "tls_hw_rx_offload": "off [fixed]",
                "tls_hw_tx_offload": "off [fixed]",
                "tx_checksum_fcoe_crc": "off [fixed]",
                "tx_checksum_ip_generic": "on [fixed]",
                "tx_checksum_ipv4": "off [fixed]",
                "tx_checksum_ipv6": "off [fixed]",
                "tx_checksum_sctp": "on [fixed]",
                "tx_checksumming": "on",
                "tx_esp_segmentation": "off [fixed]",
                "tx_fcoe_segmentation": "off [fixed]",
                "tx_gre_csum_segmentation": "off [fixed]",
                "tx_gre_segmentation": "off [fixed]",
                "tx_gso_list": "on",
                "tx_gso_partial": "off [fixed]",
                "tx_gso_robust": "off [fixed]",
                "tx_ipxip4_segmentation": "off [fixed]",
                "tx_ipxip6_segmentation": "off [fixed]",
                "tx_nocache_copy": "off [fixed]",
                "tx_scatter_gather": "on [fixed]",
                "tx_scatter_gather_fraglist": "on [fixed]",
                "tx_sctp_segmentation": "on",
                "tx_tcp6_segmentation": "on",
                "tx_tcp_ecn_segmentation": "on",
                "tx_tcp_mangleid_segmentation": "on",
                "tx_tcp_segmentation": "on",
                "tx_tunnel_remcsum_segmentation": "off [fixed]",
                "tx_udp_segmentation": "on",
                "tx_udp_tnl_csum_segmentation": "off [fixed]",
                "tx_udp_tnl_segmentation": "off [fixed]",
                "tx_vlan_offload": "off [fixed]",
                "tx_vlan_stag_hw_insert": "off [fixed]",
                "vlan_challenged": "on [fixed]"
            },
            "hw_timestamp_filters": [],
            "ipv4": {
                "address": "127.0.0.1",
                "broadcast": "",
                "netmask": "255.0.0.0",
                "network": "127.0.0.0",
                "prefix": "8"
            },
            "ipv6": [
                {
                    "address": "::1",
                    "prefix": "128",
                    "scope": "host"
                }
            ],
            "mtu": 65536,
            "promisc": false,
            "timestamping": [],
            "type": "loopback"
        },
        "ansible_loadavg": {
            "15m": 0.01,
            "1m": 0.11,
            "5m": 0.03
        },
        "ansible_local": {},
        "ansible_locally_reachable_ips": {
            "ipv4": [
                "127.0.0.0/8",
                "127.0.0.1",
                "192.168.100.10"
            ],
            "ipv6": [
                "::1",
                "fe80::e62a:4cd:2dc1:7599"
            ]
        },
        "ansible_lsb": {},
        "ansible_lvm": {
            "lvs": {
                "home": {
                    "size_g": "371.54",
                    "vg": "rhel"
                },
                "root": {
                    "size_g": "70.00",
                    "vg": "rhel"
                },
                "swap": {
                    "size_g": "4.00",
                    "vg": "rhel"
                }
            },
            "pvs": {
                "/dev/sda3": {
                    "free_g": "0",
                    "size_g": "445.54",
                    "vg": "rhel"
                }
            },
            "vgs": {
                "rhel": {
                    "free_g": "0",
                    "lvs": {
                        "home": {
                            "size_g": "371.54"
                        },
                        "root": {
                            "size_g": "70.00"
                        },
                        "swap": {
                            "size_g": "4.00"
                        }
                    },
                    "num_lvs": "3",
                    "num_pvs": "1",
                    "size_g": "445.54"
                }
            }
        },
        "ansible_machine": "x86_64",
        "ansible_machine_id": "4bcf872a48c04ebf919ab61b4ec25fde",
        "ansible_memfree_mb": 117497,
        "ansible_memory_mb": {
            "nocache": {
                "free": 125812,
                "used": 2425
            },
            "real": {
                "free": 117497,
                "total": 128237,
                "used": 10740
            },
            "swap": {
                "cached": 0,
                "free": 4095,
                "total": 4095,
                "used": 0
            }
        },
        "ansible_memtotal_mb": 128237,
        "ansible_mounts": [
            {
                "block_available": 10834372,
                "block_size": 4096,
                "block_total": 18341120,
                "block_used": 7506748,
                "device": "/dev/mapper/rhel-root",
                "dump": 0,
                "fstype": "xfs",
                "inode_available": 36476294,
                "inode_total": 36700160,
                "inode_used": 223866,
                "mount": "/",
                "options": "rw,seclabel,relatime,attr2,inode64,logbufs=8,logbsize=32k,noquota",
                "passno": 0,
                "size_available": 44377587712,
                "size_total": 75125227520,
                "uuid": "dc16af16-a05e-4710-9e69-44c5578e3bf4"
            },
            {
                "block_available": 142170,
                "block_size": 4096,
                "block_total": 259584,
                "block_used": 117414,
                "device": "/dev/sda2",
                "dump": 0,
                "fstype": "xfs",
                "inode_available": 524190,
                "inode_total": 524288,
                "inode_used": 98,
                "mount": "/boot",
                "options": "rw,seclabel,relatime,attr2,inode64,logbufs=8,logbsize=32k,noquota",
                "passno": 0,
                "size_available": 582328320,
                "size_total": 1063256064,
                "uuid": "b3a25f30-9881-4d8b-a4ae-4f390dac7ae7"
            },
            {
                "block_available": 96580187,
                "block_size": 4096,
                "block_total": 97350203,
                "block_used": 770016,
                "device": "/dev/mapper/rhel-home",
                "dump": 0,
                "fstype": "xfs",
                "inode_available": 194778276,
                "inode_total": 194795520,
                "inode_used": 17244,
                "mount": "/home",
                "options": "rw,seclabel,relatime,attr2,inode64,logbufs=8,logbsize=32k,noquota",
                "passno": 0,
                "size_available": 395592445952,
                "size_total": 398746431488,
                "uuid": "eee7f419-c424-42e8-887b-c364ea88a15f"
            },
            {
                "block_available": 151335,
                "block_size": 4096,
                "block_total": 153290,
                "block_used": 1955,
                "device": "/dev/sda1",
                "dump": 0,
                "fstype": "vfat",
                "inode_available": 0,
                "inode_total": 0,
                "inode_used": 0,
                "mount": "/boot/efi",
                "options": "rw,relatime,fmask=0077,dmask=0077,codepage=437,iocharset=ascii,shortname=winnt,errors=remount-ro",
                "passno": 0,
                "size_available": 619868160,
                "size_total": 627875840,
                "uuid": "408B-F4F2"
            }
        ],
        "ansible_nodename": "33KW",
        "ansible_os_family": "RedHat",
        "ansible_pkg_mgr": "dnf",
        "ansible_proc_cmdline": {
            "BOOT_IMAGE": "(hd1,gpt2)/vmlinuz-5.14.0-611.11.1.el9_7.x86_64",
            "crashkernel": "1G-2G:192M,2G-64G:256M,64G-:512M",
            "quiet": true,
            "rd.lvm.lv": [
                "rhel/root",
                "rhel/swap"
            ],
            "resume": "/dev/mapper/rhel-swap",
            "rhgb": true,
            "ro": true,
            "root": "/dev/mapper/rhel-root"
        },
        "ansible_processor": [
            "0",
            "AuthenticAMD",
            "AMD EPYC 7302 16-Core Processor",
            "1",
            "AuthenticAMD",
            "AMD EPYC 7302 16-Core Processor",
            "2",
            "AuthenticAMD",
            "AMD EPYC 7302 16-Core Processor",
            "3",
            "AuthenticAMD",
            "AMD EPYC 7302 16-Core Processor",
            "4",
            "AuthenticAMD",
            "AMD EPYC 7302 16-Core Processor",
            "5",
            "AuthenticAMD",
            "AMD EPYC 7302 16-Core Processor",
            "6",
            "AuthenticAMD",
            "AMD EPYC 7302 16-Core Processor",
            "7",
            "AuthenticAMD",
            "AMD EPYC 7302 16-Core Processor",
            "8",
            "AuthenticAMD",
            "AMD EPYC 7302 16-Core Processor",
            "9",
            "AuthenticAMD",
            "AMD EPYC 7302 16-Core Processor",
            "10",
            "AuthenticAMD",
            "AMD EPYC 7302 16-Core Processor",
            "11",
            "AuthenticAMD",
            "AMD EPYC 7302 16-Core Processor",
            "12",
            "AuthenticAMD",
            "AMD EPYC 7302 16-Core Processor",
            "13",
            "AuthenticAMD",
            "AMD EPYC 7302 16-Core Processor",
            "14",
            "AuthenticAMD",
            "AMD EPYC 7302 16-Core Processor",
            "15",
            "AuthenticAMD",
            "AMD EPYC 7302 16-Core Processor",
            "16",
            "AuthenticAMD",
            "AMD EPYC 7302 16-Core Processor",
            "17",
            "AuthenticAMD",
            "AMD EPYC 7302 16-Core Processor",
            "18",
            "AuthenticAMD",
            "AMD EPYC 7302 16-Core Processor",
            "19",
            "AuthenticAMD",
            "AMD EPYC 7302 16-Core Processor",
            "20",
            "AuthenticAMD",
            "AMD EPYC 7302 16-Core Processor",
            "21",
            "AuthenticAMD",
            "AMD EPYC 7302 16-Core Processor",
            "22",
            "AuthenticAMD",
            "AMD EPYC 7302 16-Core Processor",
            "23",
            "AuthenticAMD",
            "AMD EPYC 7302 16-Core Processor",
            "24",
            "AuthenticAMD",
            "AMD EPYC 7302 16-Core Processor",
            "25",
            "AuthenticAMD",
            "AMD EPYC 7302 16-Core Processor",
            "26",
            "AuthenticAMD",
            "AMD EPYC 7302 16-Core Processor",
            "27",
            "AuthenticAMD",
            "AMD EPYC 7302 16-Core Processor",
            "28",
            "AuthenticAMD",
            "AMD EPYC 7302 16-Core Processor",
            "29",
            "AuthenticAMD",
            "AMD EPYC 7302 16-Core Processor",
            "30",
            "AuthenticAMD",
            "AMD EPYC 7302 16-Core Processor",
            "31",
            "AuthenticAMD",
            "AMD EPYC 7302 16-Core Processor",
            "32",
            "AuthenticAMD",
            "AMD EPYC 7302 16-Core Processor",
            "33",
            "AuthenticAMD",
            "AMD EPYC 7302 16-Core Processor",
            "34",
            "AuthenticAMD",
            "AMD EPYC 7302 16-Core Processor",
            "35",
            "AuthenticAMD",
            "AMD EPYC 7302 16-Core Processor",
            "36",
            "AuthenticAMD",
            "AMD EPYC 7302 16-Core Processor",
            "37",
            "AuthenticAMD",
            "AMD EPYC 7302 16-Core Processor",
            "38",
            "AuthenticAMD",
            "AMD EPYC 7302 16-Core Processor",
            "39",
            "AuthenticAMD",
            "AMD EPYC 7302 16-Core Processor",
            "40",
            "AuthenticAMD",
            "AMD EPYC 7302 16-Core Processor",
            "41",
            "AuthenticAMD",
            "AMD EPYC 7302 16-Core Processor",
            "42",
            "AuthenticAMD",
            "AMD EPYC 7302 16-Core Processor",
            "43",
            "AuthenticAMD",
            "AMD EPYC 7302 16-Core Processor",
            "44",
            "AuthenticAMD",
            "AMD EPYC 7302 16-Core Processor",
            "45",
            "AuthenticAMD",
            "AMD EPYC 7302 16-Core Processor",
            "46",
            "AuthenticAMD",
            "AMD EPYC 7302 16-Core Processor",
            "47",
            "AuthenticAMD",
            "AMD EPYC 7302 16-Core Processor",
            "48",
            "AuthenticAMD",
            "AMD EPYC 7302 16-Core Processor",
            "49",
            "AuthenticAMD",
            "AMD EPYC 7302 16-Core Processor",
            "50",
            "AuthenticAMD",
            "AMD EPYC 7302 16-Core Processor",
            "51",
            "AuthenticAMD",
            "AMD EPYC 7302 16-Core Processor",
            "52",
            "AuthenticAMD",
            "AMD EPYC 7302 16-Core Processor",
            "53",
            "AuthenticAMD",
            "AMD EPYC 7302 16-Core Processor",
            "54",
            "AuthenticAMD",
            "AMD EPYC 7302 16-Core Processor",
            "55",
            "AuthenticAMD",
            "AMD EPYC 7302 16-Core Processor",
            "56",
            "AuthenticAMD",
            "AMD EPYC 7302 16-Core Processor",
            "57",
            "AuthenticAMD",
            "AMD EPYC 7302 16-Core Processor",
            "58",
            "AuthenticAMD",
            "AMD EPYC 7302 16-Core Processor",
            "59",
            "AuthenticAMD",
            "AMD EPYC 7302 16-Core Processor",
            "60",
            "AuthenticAMD",
            "AMD EPYC 7302 16-Core Processor",
            "61",
            "AuthenticAMD",
            "AMD EPYC 7302 16-Core Processor",
            "62",
            "AuthenticAMD",
            "AMD EPYC 7302 16-Core Processor",
            "63",
            "AuthenticAMD",
            "AMD EPYC 7302 16-Core Processor"
        ],
        "ansible_processor_cores": 16,
        "ansible_processor_count": 2,
        "ansible_processor_nproc": 64,
        "ansible_processor_threads_per_core": 2,
        "ansible_processor_vcpus": 64,
        "ansible_product_name": "AS -2024US-TRT",
        "ansible_product_serial": "A412679X1306719",
        "ansible_product_uuid": "48bb5000-54d3-11eb-8000-3cecef5d4800",
        "ansible_product_version": "0123456789",
        "ansible_python": {
            "executable": "/usr/bin/python3.14",
            "has_sslcontext": true,
            "type": "cpython",
            "version": {
                "major": 3,
                "micro": 7,
                "minor": 14,
                "releaselevel": "final",
                "serial": 0
            },
            "version_info": [
                3,
                14,
                7,
                "final",
                0
            ]
        },
        "ansible_python_version": "3.14.7",
        "ansible_real_group_id": 0,
        "ansible_real_user_id": 0,
        "ansible_selinux": {
            "config_mode": "enforcing",
            "mode": "enforcing",
            "policyvers": 33,
            "status": "enabled",
            "type": "targeted"
        },
        "ansible_selinux_python_present": true,
        "ansible_service_mgr": "systemd",
        "ansible_ssh_host_key_ecdsa_public": "AAAAE2VjZHNhLXNoYTItbmlzdHAyNTYAAAAIbmlzdHAyNTYAAABBBIWAQHo/wzDyeI+w9suz9O1DcNCVnlTVNtGbi0H044gW0HnR1AHZPUlprVxTSAmLhN+zO1mfdlXSnOGIiEuA16k=",
        "ansible_ssh_host_key_ecdsa_public_keytype": "ecdsa-sha2-nistp256",
        "ansible_ssh_host_key_ed25519_public": "AAAAC3NzaC1lZDI1NTE5AAAAIBY44Q0e4k6Zx6U26gK/aI1Fc0/8cGluKW6UocsXZpjC",
        "ansible_ssh_host_key_ed25519_public_keytype": "ssh-ed25519",
        "ansible_ssh_host_key_rsa_public": "AAAAB3NzaC1yc2EAAAADAQABAAABgQCSMtsDys4WTN8B31GUym+oPvE6kAX7xEqk7JZXVK7y6lzxWQPpwIs4JWCdkXmyzdL0Hg4SdrFH9V51SLCF3aeMREGgvCw3eLJu9KjoHJLX4rYgTHIRJ4+8yAtm/vAbyIRGVo5za0OwQE2GhxM8rVpGYJEAZyngfNBbPLu1MNk2aXdd6xV0zUrirEES3rxLOCsikfvx2zepoQFz1Yqll3L1wVjQdxRrlnPvugvC7NkmTWqG2BPsuohya4elhYJ1/S4UEYUlTKbowdeAX1hyX7BDTi9W8uEAPsehwMbhEZjLXF9mtFlFnPp3AKKh+TNxQVWrGhpjgXYIoEsPklGVyhusjljZrQyL1/vOrFlbR9CwLM6JXPJHOT9fhH/ByVeJ088LwBCAQDZANWB4ddMRZ7WLVBLQLtQ4dNaAjLyAMqKoKgiupXXmXTaCAJKdYRjURtP9tVd0cJVOOhMYiYlG0dn0hi5YEH7ostaojj7qUrLs8M7GRg3SWvQLuOBbvL0aZak=",
        "ansible_ssh_host_key_rsa_public_keytype": "ssh-rsa",
        "ansible_swapfree_mb": 4095,
        "ansible_swaptotal_mb": 4095,
        "ansible_system": "Linux",
        "ansible_system_capabilities": [],
        "ansible_system_capabilities_enforced": "False",
        "ansible_system_vendor": "Supermicro",
        "ansible_systemd": {
            "features": "+PAM +AUDIT +SELINUX -APPARMOR +IMA +SMACK +SECCOMP +GCRYPT +GNUTLS +OPENSSL +ACL +BLKID +CURL +ELFUTILS +FIDO2 +IDN2 -IDN -IPTC +KMOD +LIBCRYPTSETUP +LIBFDISK +PCRE2 -PWQUALITY +P11KIT -QRENCODE +TPM2 +BZIP2 +LZ4 +XZ +ZLIB +ZSTD -BPF_FRAMEWORK +XKBCOMMON +UTMP +SYSVINIT default-hierarchy=unified",
            "version": 252
        },
        "ansible_uptime_seconds": 3278481,
        "ansible_user_dir": "/root",
        "ansible_user_gecos": "root",
        "ansible_user_gid": 0,
        "ansible_user_id": "root",
        "ansible_user_shell": "/bin/bash",
        "ansible_user_uid": 0,
        "ansible_userspace_architecture": "x86_64",
        "ansible_userspace_bits": "64",
        "ansible_virtualization_role": "host",
        "ansible_virtualization_tech_guest": [],
        "ansible_virtualization_tech_host": [
            "kvm"
        ],
        "ansible_virtualization_type": "kvm",
        "discovered_interpreter_python": "/usr/bin/python3.14",
        "gather_subset": [
            "all"
        ],
        "module_setup": true
    },
    "changed": false
}
2026-09-04 14:28:14,432 p=2219 u=ansible n=ansible INFO| PLAY [all] *********************************************************************
2026-09-04 14:28:14,440 p=2219 u=ansible n=ansible INFO| TASK [Gathering Facts] *********************************************************
2026-09-04 14:28:16,421 p=2219 u=ansible n=ansible WARNING| [WARNING]: Host '192.168.100.10' is using the discovered Python interpreter at '/usr/bin/python3.14', but future installation of another Python interpreter could cause a different interpreter to be discovered. See https://docs.ansible.com/ansible-core/2.20/reference_appendices/interpreter_discovery.html for more information.

2026-09-04 14:28:16,421 p=2219 u=ansible n=ansible INFO| ok: [192.168.100.10]
2026-09-04 14:28:16,425 p=2219 u=ansible n=ansible INFO| TASK [update repository index for Ubuntu] **************************************
2026-09-04 14:28:16,437 p=2219 u=ansible n=ansible INFO| skipping: [192.168.100.10]
2026-09-04 14:28:16,442 p=2219 u=ansible n=ansible INFO| TASK [install apache2 and php package for Ubuntu] ******************************
2026-09-04 14:28:16,454 p=2219 u=ansible n=ansible INFO| skipping: [192.168.100.10]
2026-09-04 14:28:16,459 p=2219 u=ansible n=ansible INFO| TASK [update repostory index for Redhat] ***************************************
2026-09-04 14:28:31,669 p=2219 u=ansible n=ansible INFO| ok: [192.168.100.10]
2026-09-04 14:28:31,674 p=2219 u=ansible n=ansible INFO| TASK [install httpd and php package for RedHat] ********************************
2026-09-04 14:28:42,653 p=2219 u=ansible n=ansible INFO| changed: [192.168.100.10]
2026-09-04 14:28:42,654 p=2219 u=ansible n=ansible INFO| PLAY RECAP *********************************************************************
2026-09-04 14:28:42,655 p=2219 u=ansible n=ansible INFO| 192.168.100.10             : ok=3    changed=1    unreachable=0    failed=0    skipped=2    rescued=0    ignored=0   
2026-09-04 15:51:34,759 p=2560 u=ansible n=ansible INFO| PLAY [all] *********************************************************************
2026-09-04 15:51:34,774 p=2560 u=ansible n=ansible INFO| TASK [Gathering Facts] *********************************************************
2026-09-04 15:51:40,908 p=2560 u=ansible n=ansible WARNING| [WARNING]: Host '192.168.100.10' is using the discovered Python interpreter at '/usr/bin/python3.14', but future installation of another Python interpreter could cause a different interpreter to be discovered. See https://docs.ansible.com/ansible-core/2.20/reference_appendices/interpreter_discovery.html for more information.

2026-09-04 15:51:40,909 p=2560 u=ansible n=ansible INFO| ok: [192.168.100.10]
2026-09-04 15:51:40,917 p=2560 u=ansible n=ansible INFO| TASK [install apache2 and php package for Ubuntu] ******************************
2026-09-04 15:51:40,951 p=2560 u=ansible n=ansible INFO| skipping: [192.168.100.10]
2026-09-04 15:51:40,962 p=2560 u=ansible n=ansible INFO| TASK [install httpd and php package for RedHat] ********************************
2026-09-04 15:51:54,729 p=2560 u=ansible n=ansible INFO| changed: [192.168.100.10]
2026-09-04 15:51:54,732 p=2560 u=ansible n=ansible INFO| PLAY RECAP *********************************************************************
2026-09-04 15:51:54,732 p=2560 u=ansible n=ansible INFO| 192.168.100.10             : ok=2    changed=1    unreachable=0    failed=0    skipped=1    rescued=0    ignored=0   
2026-09-04 15:52:20,695 p=2608 u=ansible n=ansible INFO| PLAY [all] *********************************************************************
2026-09-04 15:52:20,732 p=2608 u=ansible n=ansible INFO| TASK [Gathering Facts] *********************************************************
2026-09-04 15:52:26,891 p=2608 u=ansible n=ansible WARNING| [WARNING]: Host '192.168.100.10' is using the discovered Python interpreter at '/usr/bin/python3.14', but future installation of another Python interpreter could cause a different interpreter to be discovered. See https://docs.ansible.com/ansible-core/2.20/reference_appendices/interpreter_discovery.html for more information.

2026-09-04 15:52:26,892 p=2608 u=ansible n=ansible INFO| ok: [192.168.100.10]
2026-09-04 15:52:26,967 p=2608 u=ansible n=ansible INFO| TASK [update repository index for Ubuntu] **************************************
2026-09-04 15:52:26,992 p=2608 u=ansible n=ansible INFO| skipping: [192.168.100.10]
2026-09-04 15:52:27,001 p=2608 u=ansible n=ansible INFO| TASK [install apache2 and php package for Ubuntu] ******************************
2026-09-04 15:52:27,027 p=2608 u=ansible n=ansible INFO| skipping: [192.168.100.10]
2026-09-04 15:52:27,037 p=2608 u=ansible n=ansible INFO| TASK [update repostory index for Redhat] ***************************************
2026-09-04 15:52:38,232 p=2608 u=ansible n=ansible INFO| ok: [192.168.100.10]
2026-09-04 15:52:38,241 p=2608 u=ansible n=ansible INFO| TASK [install httpd and php package for RedHat] ********************************
2026-09-04 15:52:49,937 p=2608 u=ansible n=ansible INFO| changed: [192.168.100.10]
2026-09-04 15:52:49,939 p=2608 u=ansible n=ansible INFO| PLAY RECAP *********************************************************************
2026-09-04 15:52:49,940 p=2608 u=ansible n=ansible INFO| 192.168.100.10             : ok=3    changed=1    unreachable=0    failed=0    skipped=2    rescued=0    ignored=0   
2026-09-04 15:57:20,241 p=2739 u=ansible n=ansible INFO| PLAY [all] *********************************************************************
2026-09-04 15:57:20,271 p=2739 u=ansible n=ansible INFO| TASK [Gathering Facts] *********************************************************
2026-09-04 15:57:28,375 p=2739 u=ansible n=ansible WARNING| [WARNING]: Host '192.168.100.10' is using the discovered Python interpreter at '/usr/bin/python3.14', but future installation of another Python interpreter could cause a different interpreter to be discovered. See https://docs.ansible.com/ansible-core/2.20/reference_appendices/interpreter_discovery.html for more information.

2026-09-04 15:57:28,376 p=2739 u=ansible n=ansible INFO| ok: [192.168.100.10]
2026-09-04 15:57:28,384 p=2739 u=ansible n=ansible INFO| TASK [remove apache2 and php package for Ubuntu] *******************************
2026-09-04 15:57:28,410 p=2739 u=ansible n=ansible INFO| skipping: [192.168.100.10]
2026-09-04 15:57:28,474 p=2739 u=ansible n=ansible INFO| TASK [remove httpd and php package for RedHat] *********************************
2026-09-04 15:57:41,529 p=2739 u=ansible n=ansible INFO| ok: [192.168.100.10]
2026-09-04 15:57:41,532 p=2739 u=ansible n=ansible INFO| PLAY RECAP *********************************************************************
2026-09-04 15:57:41,532 p=2739 u=ansible n=ansible INFO| 192.168.100.10             : ok=2    changed=0    unreachable=0    failed=0    skipped=1    rescued=0    ignored=0   
